# phpMyAdmin SQL Dump
# version 2.9.2
# http://www.phpmyadmin.net
# 
# Host: localhost
# Generation Time: May 23, 2007 at 01:18 PM
# Server version: 5.0.33
# PHP Version: 5.2.1
# 
# Database: '22_3'
# 

# --------------------------------------------------------

# 
# Table structure for table 'address_book'
# 

CREATE TABLE address_book (
  address_book_id int(11) NOT NULL auto_increment,
  customers_id int(11) NOT NULL,
  entry_gender char(1) NOT NULL,
  entry_company varchar(32) default NULL,
  entry_company_tax_id varchar(32) default NULL,
  entry_firstname varchar(32) NOT NULL,
  entry_lastname varchar(32) NOT NULL,
  entry_street_address varchar(64) NOT NULL,
  entry_suburb varchar(32) default NULL,
  entry_postcode varchar(10) NOT NULL,
  entry_city varchar(32) NOT NULL,
  entry_state varchar(32) default NULL,
  entry_country_id int(11) NOT NULL default '0',
  entry_zone_id int(11) NOT NULL default '0',
  PRIMARY KEY  (address_book_id),
  KEY idx_address_book_customers_id (customers_id)
) ENGINE=MyISAM  ;

# 
# Dumping data for table 'address_book'
# 

INSERT INTO address_book (address_book_id, customers_id, entry_gender, entry_company, entry_company_tax_id, entry_firstname, entry_lastname, entry_street_address, entry_suburb, entry_postcode, entry_city, entry_state, entry_country_id, entry_zone_id) VALUES 
(3, 0, '', 'Evolve Networks', '', 'Evolve', 'Networks', 'PO Box 23116', NULL, '98102', 'Seattle', '', 223, 62),
(5, 5, '', 'Evolve Networks', '5432-1', 'Evolve', 'Networks', 'PO Box 23116', NULL, '98102', 'Seattle', '', 223, 3675);

# --------------------------------------------------------

# 
# Table structure for table 'address_format'
# 

CREATE TABLE address_format (
  address_format_id int(11) NOT NULL auto_increment,
  address_format varchar(128) NOT NULL,
  address_summary varchar(48) NOT NULL,
  PRIMARY KEY  (address_format_id)
) ENGINE=MyISAM  ;

# 
# Dumping data for table 'address_format'
# 

INSERT INTO address_format (address_format_id, address_format, address_summary) VALUES 
(1, '$firstname $lastname$cr$streets$cr$city, $postcode$cr$statecomma$country', '$city / $country'),
(2, '$firstname $lastname$cr$streets$cr$city, $state    $postcode$cr$country', '$city, $state / $country'),
(3, '$firstname $lastname$cr$streets$cr$city$cr$postcode - $statecomma$country', '$state / $country'),
(4, '$firstname $lastname$cr$streets$cr$city ($postcode)$cr$country', '$postcode / $country'),
(5, '$firstname $lastname$cr$streets$cr$postcode $city$cr$country', '$city / $country');

# --------------------------------------------------------

# 
# Table structure for table 'admin'
# 

CREATE TABLE admin (
  admin_id int(11) NOT NULL auto_increment,
  admin_groups_id int(11) default NULL,
  admin_firstname varchar(32) NOT NULL default '',
  admin_lastname varchar(32) default NULL,
  admin_email_address varchar(96) NOT NULL default '',
  admin_password varchar(40) NOT NULL default '',
  admin_created datetime default NULL,
  admin_modified datetime NOT NULL default '0000-00-00 00:00:00',
  admin_logdate datetime default NULL,
  admin_lognum int(11) NOT NULL default '0',
  PRIMARY KEY  (admin_id),
  UNIQUE KEY admin_email_address (admin_email_address)
) ENGINE=MyISAM  ;

# 
# Dumping data for table 'admin'
# 

INSERT INTO admin (admin_id, admin_groups_id, admin_firstname, admin_lastname, admin_email_address, admin_password, admin_created, admin_modified, admin_logdate, admin_lognum) VALUES 
(1, 1, 'Firstname', 'Lastname', 'info@e.volve.net', 'b8d037aa80d5f6231a8cc973623386c3:e7', '2006-08-02 22:41:47', '2006-08-06 15:01:31', '2007-05-23 08:39:14', 97);

# --------------------------------------------------------

# 
# Table structure for table 'admin_files'
# 

CREATE TABLE admin_files (
  admin_files_id int(11) NOT NULL auto_increment,
  admin_files_name varchar(64) NOT NULL default '',
  admin_files_is_boxes tinyint(5) NOT NULL default '0',
  admin_files_to_boxes int(11) NOT NULL default '0',
  admin_groups_id set('1','2') NOT NULL default '1',
  PRIMARY KEY  (admin_files_id)
) ENGINE=MyISAM  ;

# 
# Dumping data for table 'admin_files'
# 

INSERT INTO admin_files (admin_files_id, admin_files_name, admin_files_is_boxes, admin_files_to_boxes, admin_groups_id) VALUES 
(1, 'administrator.php', 1, 0, '1'),
(2, 'configuration.php', 1, 0, '1'),
(3, 'catalog.php', 1, 0, '1'),
(4, 'modules.php', 1, 0, '1'),
(5, 'customers.php', 1, 0, '1'),
(6, 'taxes.php', 1, 0, '1'),
(7, 'localization.php', 1, 0, '1'),
(8, 'reports.php', 1, 0, '1'),
(9, 'tools.php', 1, 0, '1'),
(10, 'admin_members.php', 0, 1, '1'),
(11, 'admin_files.php', 0, 1, '1'),
(12, 'configuration.php', 0, 2, '1'),
(13, 'categories.php', 0, 3, '1'),
(14, 'products_attributes.php', 0, 3, '1'),
(15, 'manufacturers.php', 0, 3, '1'),
(16, 'reviews.php', 0, 3, '1'),
(17, 'specials.php', 0, 3, '1'),
(18, 'products_expected.php', 0, 3, '1'),
(19, 'modules.php', 0, 4, '1'),
(20, 'customers.php', 0, 5, '1'),
(21, 'orders.php', 0, 5, '1'),
(22, 'countries.php', 0, 6, '1'),
(23, 'zones.php', 0, 6, '1'),
(24, 'geo_zones.php', 0, 6, '1'),
(25, 'tax_classes.php', 0, 6, '1'),
(26, 'tax_rates.php', 0, 6, '1'),
(27, 'currencies.php', 0, 7, '1'),
(28, 'languages.php', 0, 7, '1'),
(29, 'orders_status.php', 0, 7, '1'),
(30, 'stats_products_viewed.php', 0, 8, '1'),
(31, 'stats_products_purchased.php', 0, 8, '1'),
(32, 'stats_customers.php', 0, 8, '1'),
(33, 'backup.php', 0, 9, '1'),
(35, 'cache.php', 0, 9, '1'),
(36, 'define_language.php', 0, 9, '1'),
(38, 'mail.php', 0, 9, '1'),
(39, 'newsletters.php', 0, 9, '1'),
(41, 'whos_online.php', 0, 9, '1'),
(43, 'categories - addon.php', 0, 1, '1'),
(44, 'coupon_admin.php', 0, 1, '1'),
(45, 'customers_groups.php', 0, 1, '1'),
(46, 'define_language.php.bak.php', 0, 1, '1'),
(47, 'edit_orders.php', 0, 1, '1'),
(48, 'featured.php', 0, 1, '1'),
(49, 'file_manager.php.bak.php', 0, 1, '1'),
(50, 'gv_mail.php', 0, 1, '1'),
(51, 'gv_queue.php', 0, 1, '1'),
(52, 'gv_sent.php', 0, 1, '1'),
(53, 'header_tags_controller.php', 0, 1, '1'),
(54, 'header_tags_english.php', 0, 1, '1'),
(55, 'header_tags_fill_tags.php', 0, 1, '1'),
(56, 'header_tags_popup_help.php', 0, 1, '1'),
(57, 'listcategories.php', 0, 1, '1'),
(58, 'listproducts.php', 0, 1, '1'),
(83, 'new_attributes_include.php', 0, 3, '1'),
(82, 'new_attributes_functions.php', 0, 3, '1'),
(81, 'new_attributes_config.php', 0, 3, '1'),
(80, 'new_attributes_change.php', 0, 3, '1'),
(79, 'new_attributes.php', 0, 3, '1'),
(65, 'pages.php', 0, 1, '1'),
(66, 'seo_assistant.php', 0, 1, '1'),
(67, 'stats_low_stock_attrib.php', 0, 1, '1'),
(68, 'stats_monthly_sales.php', 0, 1, '1'),
(69, 'stock.php', 0, 1, '1'),
(70, 'treeview.php', 0, 1, '1'),
(71, 'validcategories.php', 0, 1, '1'),
(72, 'validproducts.php', 0, 1, '1'),
(73, 'xsell.php', 0, 1, '1'),
(75, 'header_tags_controller.php', 1, 0, '1'),
(76, 'gv_admin.php', 1, 0, '1'),
(77, 'pages.php', 1, 0, '1'),
(78, '', 0, 1, '1'),
(84, 'new_attributes_select.php', 0, 3, '1'),
(85, 'newsletters.php', 1, 0, '1'),
(86, 'mails.php', 0, 85, '1'),
(87, 'newsletters_extra_default.php', 0, 85, '1'),
(88, 'newsletters_extra_infos.php', 0, 85, '1'),
(89, 'newsletters_subscribers_view.php', 0, 85, '1'),
(90, 'newsletters_update.php', 0, 85, '1'),
(91, 'packaging.php', 0, 75, '1');

# --------------------------------------------------------

# 
# Table structure for table 'admin_groups'
# 

CREATE TABLE admin_groups (
  admin_groups_id int(11) NOT NULL auto_increment,
  admin_groups_name varchar(64) default NULL,
  PRIMARY KEY  (admin_groups_id),
  UNIQUE KEY admin_groups_name (admin_groups_name)
) ENGINE=MyISAM  ;

# 
# Dumping data for table 'admin_groups'
# 

INSERT INTO admin_groups (admin_groups_id, admin_groups_name) VALUES 
(1, 'Top Administrator'),
(2, 'Customer Relations');

# --------------------------------------------------------

# 
# Table structure for table 'banners'
# 

CREATE TABLE banners (
  banners_id int(11) NOT NULL auto_increment,
  banners_title varchar(64) NOT NULL,
  banners_url varchar(255) NOT NULL,
  banners_image varchar(64) NOT NULL,
  banners_group varchar(10) NOT NULL,
  banners_html_text text,
  expires_impressions int(7) default '0',
  expires_date datetime default NULL,
  date_scheduled datetime default NULL,
  date_added datetime NOT NULL,
  date_status_change datetime default NULL,
  `status` int(1) NOT NULL default '1',
  PRIMARY KEY  (banners_id)
) ENGINE=MyISAM  ;

# 
# Dumping data for table 'banners'
# 

INSERT INTO banners (banners_id, banners_title, banners_url, banners_image, banners_group, banners_html_text, expires_impressions, expires_date, date_scheduled, date_added, date_status_change, status) VALUES 
(1, 'osCommerce', 'http://www.oscommerce.com', 'banners/oscommerce.gif', '468x50', '', 0, NULL, NULL, '2006-07-05 23:28:08', NULL, 1);

# --------------------------------------------------------

# 
# Table structure for table 'banners_history'
# 

CREATE TABLE banners_history (
  banners_history_id int(11) NOT NULL auto_increment,
  banners_id int(11) NOT NULL,
  banners_shown int(5) NOT NULL default '0',
  banners_clicked int(5) NOT NULL default '0',
  banners_history_date datetime NOT NULL,
  PRIMARY KEY  (banners_history_id)
) ENGINE=MyISAM  ;

# 
# Dumping data for table 'banners_history'
# 

INSERT INTO banners_history (banners_history_id, banners_id, banners_shown, banners_clicked, banners_history_date) VALUES 
(1, 1, 35, 0, '2006-07-05 23:29:28'),
(2, 1, 49, 0, '2006-07-06 00:00:14'),
(3, 1, 1, 0, '2006-07-22 20:50:36'),
(4, 1, 416, 0, '2006-07-23 01:40:26'),
(5, 1, 234, 1, '2006-07-29 01:38:33'),
(6, 1, 310, 0, '2006-07-30 00:00:58'),
(7, 1, 360, 0, '2006-07-31 00:00:00'),
(8, 1, 310, 0, '2006-08-01 00:29:25'),
(9, 1, 172, 0, '2006-08-02 01:07:25'),
(10, 1, 376, 0, '2006-08-03 00:00:08'),
(11, 1, 20, 0, '2006-08-04 14:11:52'),
(12, 1, 34, 0, '2006-08-05 00:14:39');

# --------------------------------------------------------

# 
# Table structure for table 'cache'
# 

CREATE TABLE `cache` (
  cache_id varchar(32) NOT NULL default '',
  cache_language_id tinyint(1) NOT NULL default '0',
  cache_name varchar(255) NOT NULL default '',
  cache_data mediumtext NOT NULL,
  cache_global tinyint(1) NOT NULL default '1',
  cache_gzip tinyint(1) NOT NULL default '1',
  cache_method varchar(20) NOT NULL default 'RETURN',
  cache_date datetime NOT NULL default '0000-00-00 00:00:00',
  cache_expires datetime NOT NULL default '0000-00-00 00:00:00',
  PRIMARY KEY  (cache_id,cache_language_id),
  KEY cache_id (cache_id),
  KEY cache_language_id (cache_language_id),
  KEY cache_global (cache_global)
) ENGINE=MyISAM ;

# 
# Dumping data for table 'cache'
# 

INSERT INTO cache (cache_id, cache_language_id, cache_name, cache_data, cache_global, cache_gzip, cache_method, cache_date, cache_expires) VALUES 
('4404c1df54fdb1291c8dd9bb259f32a9', 1, 'seo_urls_v2_manufacturers', 'S0lNy8xL1VD3dfQLdXN0DgkNcg2K93P0dY03VtdRUC9PLMpLLVLXtOZKwanQ0ACkMrGgICeVgEJDkEIjg5IM3eTUvJLSokqQegA=', 1, 1, 'EVAL', '2007-05-21 09:52:30', '2007-06-20 09:52:30'),
('a93b9170a03ff54d81e95917742ea01b', 1, 'seo_urls_v2_categories', 'S0lNy8xL1VB3dgxxdfcPioz3c/R1jTdU11FQz0gsSilPLEpV17TmSsGqzBikLKUsRTc3vywztRikEAA=', 1, 1, 'EVAL', '2007-05-21 09:52:30', '2007-06-20 09:52:30'),
('ca34fbe5f9a075091ad59abf02c259a7', 1, 'seo_urls_v2_products', 'S0lNy8xL1VAPCPJ3CXUOifdz9HWNN1PXUVAvyUjVzU0sKcqsUNe05krBps7IEqQwLTM9o0Q3Oac0CadCYwOQwtzE5KT8/GzdpJzE5GzdzLzkDF0jg/SMKiCzJDVHNzm/KBW3CaYgE4A6U1J1i0rz8lKLdFMyi1KTS/KLikGaAA==', 1, 1, 'EVAL', '2007-05-21 09:52:30', '2007-06-20 09:52:30');

# --------------------------------------------------------

# 
# Table structure for table 'categories'
# 

CREATE TABLE categories (
  categories_id int(11) NOT NULL auto_increment,
  categories_image varchar(64) default NULL,
  parent_id int(11) NOT NULL default '0',
  sort_order int(3) default NULL,
  date_added datetime default NULL,
  last_modified datetime default NULL,
  PRIMARY KEY  (categories_id),
  KEY idx_categories_parent_id (parent_id)
) ENGINE=MyISAM  ;

# 
# Dumping data for table 'categories'
# 

INSERT INTO categories (categories_id, categories_image, parent_id, sort_order, date_added, last_modified) VALUES 
(1, '', 0, 1, '2006-07-05 23:28:08', '2006-08-05 22:55:12'),
(3, '', 0, 3, '2006-07-05 23:28:08', '2006-08-19 13:11:49');

# --------------------------------------------------------

# 
# Table structure for table 'categories_description'
# 

CREATE TABLE categories_description (
  categories_id int(11) NOT NULL default '0',
  language_id int(11) NOT NULL default '1',
  categories_name varchar(32) NOT NULL,
  categories_htc_title_tag varchar(80) default NULL,
  categories_htc_desc_tag longtext,
  categories_htc_keywords_tag longtext,
  categories_htc_description longtext,
  PRIMARY KEY  (categories_id,language_id),
  KEY idx_categories_name (categories_name)
) ENGINE=MyISAM ;

# 
# Dumping data for table 'categories_description'
# 

INSERT INTO categories_description (categories_id, language_id, categories_name, categories_htc_title_tag, categories_htc_desc_tag, categories_htc_keywords_tag, categories_htc_description) VALUES 
(1, 1, 'Hardware', 'Hardware', 'This is the Hardware category', 'Hardware and such', ''),
(3, 1, 'DVD Movies', 'DVD Movies', 'DVD Movies', 'DVD Movies', '');

# --------------------------------------------------------

# 
# Table structure for table 'configuration'
# 

CREATE TABLE configuration (
  configuration_id int(11) NOT NULL auto_increment,
  configuration_title varchar(64) NOT NULL,
  configuration_key varchar(64) NOT NULL,
  configuration_value varchar(255) NOT NULL,
  configuration_description varchar(255) NOT NULL,
  configuration_group_id int(11) NOT NULL,
  sort_order int(5) default NULL,
  last_modified datetime default NULL,
  date_added datetime NOT NULL,
  use_function varchar(255) default NULL,
  set_function varchar(555) default NULL,
  PRIMARY KEY  (configuration_id)
) ENGINE=MyISAM  ;

# 
# Dumping data for table 'configuration'
# 

INSERT INTO configuration (configuration_id, configuration_title, configuration_key, configuration_value, configuration_description, configuration_group_id, sort_order, last_modified, date_added, use_function, set_function) VALUES 
(1, 'Store Name', 'STORE_NAME', 'EosC Edition of osCommerce', 'The name of my store', 1, 1, '2006-07-23 19:35:30', '2006-07-05 23:28:08', NULL, NULL),
(2, 'Store Owner', 'STORE_OWNER', 'Evolve Networks', 'The name of my store owner', 1, 2, '2006-07-23 12:01:22', '2006-07-05 23:28:08', NULL, NULL),
(3, 'E-Mail Address', 'STORE_OWNER_EMAIL_ADDRESS', 'support@e.volve.net', 'The e-mail address of my store owner', 1, 3, '2006-07-23 12:01:30', '2006-07-05 23:28:08', NULL, NULL),
(4, 'E-Mail From', 'EMAIL_FROM', 'EosC <support@e.volve.net>', 'The e-mail address used in (sent) e-mails', 1, 4, '2006-07-23 12:02:10', '2006-07-05 23:28:08', NULL, NULL),
(5, 'Country', 'STORE_COUNTRY', '223', 'The country my store is located in <br><br><b>Note: Please remember to update the store zone.</b>', 1, 6, NULL, '2006-07-05 23:28:08', 'tep_get_country_name', 'tep_cfg_pull_down_country_list('),
(6, 'Zone', 'STORE_ZONE', '62', 'The zone my store is located in', 1, 7, '2006-07-23 12:03:08', '2006-07-05 23:28:08', 'tep_cfg_get_zone_name', 'tep_cfg_pull_down_zone_list('),
(7, 'Expected Sort Order', 'EXPECTED_PRODUCTS_SORT', 'desc', 'This is the sort order used in the expected products box.', 1, 8, NULL, '2006-07-05 23:28:08', NULL, 'tep_cfg_select_option(array(''asc'', ''desc''), '),
(8, 'Expected Sort Field', 'EXPECTED_PRODUCTS_FIELD', 'date_expected', 'The column to sort by in the expected products box.', 1, 9, NULL, '2006-07-05 23:28:08', NULL, 'tep_cfg_select_option(array(''products_name'', ''date_expected''), '),
(9, 'Switch To Default Language Currency', 'USE_DEFAULT_LANGUAGE_CURRENCY', 'false', 'Automatically switch to the language''s currency when it is changed', 1, 10, NULL, '2006-07-05 23:28:08', NULL, 'tep_cfg_select_option(array(''true'', ''false''), '),
(10, 'Send Extra Order Emails To', 'SEND_EXTRA_ORDER_EMAILS_TO', 'EosC <support@e.volve.net>', 'Send extra order emails to the following email addresses, in this format: Name 1 &lt;email@address1&gt;, Name 2 &lt;email@address2&gt;', 1, 11, '2006-08-24 00:34:29', '2006-07-05 23:28:08', NULL, NULL),
(11, 'Use Search-Engine Safe URLs (do not enable)', 'SEARCH_ENGINE_FRIENDLY_URLS', 'false', 'This field is superceded by SEO Urls', 1, 12, '2006-08-20 15:02:06', '2006-07-05 23:28:08', NULL, 'tep_cfg_select_option(array(''true'', ''false''), '),
(12, 'Display Cart After Adding Product', 'DISPLAY_CART', 'true', 'Display the shopping cart after adding a product (or return back to their origin)', 1, 14, NULL, '2006-07-05 23:28:08', NULL, 'tep_cfg_select_option(array(''true'', ''false''), '),
(13, 'Allow Guest To Tell A Friend', 'ALLOW_GUEST_TO_TELL_A_FRIEND', 'true', 'Allow guests to tell a friend about a product', 1, 15, '2006-07-23 12:03:24', '2006-07-05 23:28:08', NULL, 'tep_cfg_select_option(array(''true'', ''false''), '),
(14, 'Default Search Operator', 'ADVANCED_SEARCH_DEFAULT_OPERATOR', 'and', 'Default search operators', 1, 17, NULL, '2006-07-05 23:28:08', NULL, 'tep_cfg_select_option(array(''and'', ''or''), '),
(15, 'Store Address and Phone', 'STORE_NAME_ADDRESS', 'osCommerce EosC Edition\r\nwww.e-osc.com\r\nUnited States', 'This is the Store Name, Address and Phone used on printable documents and displayed online', 1, 18, '2006-07-23 12:04:21', '2006-07-05 23:28:08', NULL, 'tep_cfg_textarea('),
(16, 'Show Category Counts', 'SHOW_COUNTS', 'false', 'Count recursively how many products are in each category', 1, 19, '2006-08-02 16:23:12', '2006-07-05 23:28:08', NULL, 'tep_cfg_select_option(array(''true'', ''false''), '),
(17, 'Tax Decimal Places', 'TAX_DECIMAL_PLACES', '0', 'Pad the tax value this amount of decimal places', 1, 20, NULL, '2006-07-05 23:28:08', NULL, NULL),
(18, 'Display Prices with Tax', 'DISPLAY_PRICE_WITH_TAX', 'false', 'Display prices with tax included (true) or add the tax at the end (false)', 1, 21, NULL, '2006-07-05 23:28:08', NULL, 'tep_cfg_select_option(array(''true'', ''false''), '),
(19, 'First Name', 'ENTRY_FIRST_NAME_MIN_LENGTH', '2', 'Minimum length of first name', 2, 1, NULL, '2006-07-05 23:28:08', NULL, NULL),
(20, 'Last Name', 'ENTRY_LAST_NAME_MIN_LENGTH', '2', 'Minimum length of last name', 2, 2, NULL, '2006-07-05 23:28:08', NULL, NULL),
(21, 'Date of Birth', 'ENTRY_DOB_MIN_LENGTH', '10', 'Minimum length of date of birth', 2, 3, NULL, '2006-07-05 23:28:08', NULL, NULL),
(22, 'E-Mail Address', 'ENTRY_EMAIL_ADDRESS_MIN_LENGTH', '6', 'Minimum length of e-mail address', 2, 4, NULL, '2006-07-05 23:28:08', NULL, NULL),
(23, 'Street Address', 'ENTRY_STREET_ADDRESS_MIN_LENGTH', '5', 'Minimum length of street address', 2, 5, NULL, '2006-07-05 23:28:08', NULL, NULL),
(24, 'Company', 'ENTRY_COMPANY_MIN_LENGTH', '2', 'Minimum length of company name', 2, 6, NULL, '2006-07-05 23:28:08', NULL, NULL),
(25, 'Zip Code', 'ENTRY_POSTCODE_MIN_LENGTH', '4', 'Minimum length of zip code', 2, 7, NULL, '2006-07-05 23:28:08', NULL, NULL),
(26, 'City', 'ENTRY_CITY_MIN_LENGTH', '3', 'Minimum length of city', 2, 8, NULL, '2006-07-05 23:28:08', NULL, NULL),
(27, 'State', 'ENTRY_STATE_MIN_LENGTH', '2', 'Minimum length of state', 2, 9, NULL, '2006-07-05 23:28:08', NULL, NULL),
(28, 'Telephone Number', 'ENTRY_TELEPHONE_MIN_LENGTH', '3', 'Minimum length of telephone number', 2, 10, NULL, '2006-07-05 23:28:08', NULL, NULL),
(29, 'Password', 'ENTRY_PASSWORD_MIN_LENGTH', '5', 'Minimum length of password', 2, 11, NULL, '2006-07-05 23:28:08', NULL, NULL),
(30, 'Credit Card Owner Name', 'CC_OWNER_MIN_LENGTH', '3', 'Minimum length of credit card owner name', 2, 12, NULL, '2006-07-05 23:28:08', NULL, NULL),
(31, 'Credit Card Number', 'CC_NUMBER_MIN_LENGTH', '10', 'Minimum length of credit card number', 2, 13, '2006-07-23 13:52:12', '2006-07-05 23:28:08', NULL, NULL),
(32, 'Review Text', 'REVIEW_TEXT_MIN_LENGTH', '25', 'Minimum length of review text', 2, 14, '2006-07-23 12:04:59', '2006-07-05 23:28:08', NULL, NULL),
(33, 'Best Sellers', 'MIN_DISPLAY_BESTSELLERS', '1', 'Minimum number of best sellers to display', 2, 15, NULL, '2006-07-05 23:28:08', NULL, NULL),
(34, 'Also Purchased', 'MIN_DISPLAY_ALSO_PURCHASED', '1', 'Minimum number of products to display in the ''This Customer Also Purchased'' box', 2, 16, NULL, '2006-07-05 23:28:08', NULL, NULL),
(35, 'Address Book Entries', 'MAX_ADDRESS_BOOK_ENTRIES', '5', 'Maximum address book entries a customer is allowed to have', 3, 1, NULL, '2006-07-05 23:28:08', NULL, NULL),
(36, 'Search Results', 'MAX_DISPLAY_SEARCH_RESULTS', '100', 'Amount of products to list', 3, 2, '2006-08-15 00:33:43', '2006-07-05 23:28:08', NULL, NULL),
(37, 'Page Links', 'MAX_DISPLAY_PAGE_LINKS', '5', 'Number of ''number'' links use for page-sets', 3, 3, NULL, '2006-07-05 23:28:08', NULL, NULL),
(38, 'Special Products', 'MAX_DISPLAY_SPECIAL_PRODUCTS', '9', 'Maximum number of products on special to display', 3, 4, NULL, '2006-07-05 23:28:08', NULL, NULL),
(39, 'New Products Module', 'MAX_DISPLAY_NEW_PRODUCTS', '9', 'Maximum number of new products to display in a category', 3, 5, NULL, '2006-07-05 23:28:08', NULL, NULL),
(40, 'Products Expected', 'MAX_DISPLAY_UPCOMING_PRODUCTS', '10', 'Maximum number of products expected to display', 3, 6, NULL, '2006-07-05 23:28:08', NULL, NULL),
(41, 'Manufacturers List', 'MAX_DISPLAY_MANUFACTURERS_IN_A_LIST', '0', 'Used in manufacturers box; when the number of manufacturers exceeds this number, a drop-down list will be displayed instead of the default list', 3, 7, NULL, '2006-07-05 23:28:08', NULL, NULL),
(42, 'Manufacturers Select Size', 'MAX_MANUFACTURERS_LIST', '1', 'Used in manufacturers box; when this value is ''1'' the classic drop-down list will be used for the manufacturers box. Otherwise, a list-box with the specified number of rows will be displayed.', 3, 7, NULL, '2006-07-05 23:28:08', NULL, NULL),
(43, 'Length of Manufacturers Name', 'MAX_DISPLAY_MANUFACTURER_NAME_LEN', '15', 'Used in manufacturers box; maximum length of manufacturers name to display', 3, 8, NULL, '2006-07-05 23:28:08', NULL, NULL),
(44, 'New Reviews', 'MAX_DISPLAY_NEW_REVIEWS', '6', 'Maximum number of new reviews to display', 3, 9, NULL, '2006-07-05 23:28:08', NULL, NULL),
(45, 'Selection of Random Reviews', 'MAX_RANDOM_SELECT_REVIEWS', '10', 'How many records to select from to choose one random product review', 3, 10, NULL, '2006-07-05 23:28:08', NULL, NULL),
(46, 'Selection of Random New Products', 'MAX_RANDOM_SELECT_NEW', '10', 'How many records to select from to choose one random new product to display', 3, 11, NULL, '2006-07-05 23:28:08', NULL, NULL),
(47, 'Selection of Products on Special', 'MAX_RANDOM_SELECT_SPECIALS', '10', 'How many records to select from to choose one random product special to display', 3, 12, NULL, '2006-07-05 23:28:08', NULL, NULL),
(48, 'Categories To List Per Row', 'MAX_DISPLAY_CATEGORIES_PER_ROW', '3', 'How many categories to list per row', 3, 13, NULL, '2006-07-05 23:28:08', NULL, NULL),
(49, 'New Products Listing', 'MAX_DISPLAY_PRODUCTS_NEW', '10', 'Maximum number of new products to display in new products page', 3, 14, NULL, '2006-07-05 23:28:08', NULL, NULL),
(50, 'Best Sellers', 'MAX_DISPLAY_BESTSELLERS', '10', 'Maximum number of best sellers to display', 3, 15, NULL, '2006-07-05 23:28:08', NULL, NULL),
(51, 'Also Purchased', 'MAX_DISPLAY_ALSO_PURCHASED', '6', 'Maximum number of products to display in the ''This Customer Also Purchased'' box', 3, 16, NULL, '2006-07-05 23:28:08', NULL, NULL),
(52, 'Customer Order History Box', 'MAX_DISPLAY_PRODUCTS_IN_ORDER_HISTORY_BOX', '6', 'Maximum number of products to display in the customer order history box', 3, 17, NULL, '2006-07-05 23:28:08', NULL, NULL),
(53, 'Order History', 'MAX_DISPLAY_ORDER_HISTORY', '10', 'Maximum number of orders to display in the order history page', 3, 18, NULL, '2006-07-05 23:28:08', NULL, NULL),
(54, 'Small Image Width', 'SMALL_IMAGE_WIDTH', '', 'The pixel width of small images', 4, 1, '2006-07-23 12:05:41', '2006-07-05 23:28:08', NULL, NULL),
(55, 'Small Image Height', 'SMALL_IMAGE_HEIGHT', '', 'The pixel height of small images', 4, 2, '2006-07-23 12:05:45', '2006-07-05 23:28:08', NULL, NULL),
(56, 'Heading Image Width', 'HEADING_IMAGE_WIDTH', '', 'The pixel width of heading images', 4, 3, '2006-07-23 12:05:48', '2006-07-05 23:28:08', NULL, NULL),
(57, 'Heading Image Height', 'HEADING_IMAGE_HEIGHT', '', 'The pixel height of heading images', 4, 4, '2006-07-23 12:05:53', '2006-07-05 23:28:08', NULL, NULL),
(58, 'Subcategory Image Width', 'SUBCATEGORY_IMAGE_WIDTH', '', 'The pixel width of subcategory images', 4, 5, '2006-07-23 12:05:57', '2006-07-05 23:28:08', NULL, NULL),
(59, 'Subcategory Image Height', 'SUBCATEGORY_IMAGE_HEIGHT', '', 'The pixel height of subcategory images', 4, 6, '2006-07-23 12:06:01', '2006-07-05 23:28:08', NULL, NULL),
(60, 'Calculate Image Size', 'CONFIG_CALCULATE_IMAGE_SIZE', 'true', 'Calculate the size of images?', 4, 7, NULL, '2006-07-05 23:28:08', NULL, 'tep_cfg_select_option(array(''true'', ''false''), '),
(61, 'Image Required', 'IMAGE_REQUIRED', 'false', 'Enable to display broken images. Good for development.', 4, 8, '2006-08-14 01:47:15', '2006-07-05 23:28:08', NULL, 'tep_cfg_select_option(array(''true'', ''false''), '),
(62, 'Gender', 'ACCOUNT_GENDER', 'false', 'Display gender in the customers account', 5, 1, '2006-07-23 12:06:10', '2006-07-05 23:28:08', NULL, 'tep_cfg_select_option(array(''true'', ''false''), '),
(63, 'Date of Birth', 'ACCOUNT_DOB', 'false', 'Display date of birth in the customers account', 5, 2, '2006-07-23 12:06:14', '2006-07-05 23:28:08', NULL, 'tep_cfg_select_option(array(''true'', ''false''), '),
(64, 'Company', 'ACCOUNT_COMPANY', 'true', 'Display company in the customers account', 5, 3, '2006-07-30 14:06:25', '2006-07-05 23:28:08', NULL, 'tep_cfg_select_option(array(''true'', ''false''), '),
(65, 'Suburb', 'ACCOUNT_SUBURB', 'false', 'Display suburb in the customers account', 5, 4, '2006-07-23 12:06:25', '2006-07-05 23:28:08', NULL, 'tep_cfg_select_option(array(''true'', ''false''), '),
(66, 'State', 'ACCOUNT_STATE', 'true', 'Display state in the customers account', 5, 5, NULL, '2006-07-05 23:28:08', NULL, 'tep_cfg_select_option(array(''true'', ''false''), '),
(67, 'Installed Modules', 'MODULE_PAYMENT_INSTALLED', 'cc.php;ccerr.php', 'List of payment module filenames separated by a semi-colon. This is automatically updated. No need to edit. (Example: cc.php;cod.php;paypal.php)', 6, 0, '2006-08-08 05:13:02', '2006-07-05 23:28:08', NULL, NULL),
(68, 'Installed Modules', 'MODULE_ORDER_TOTAL_INSTALLED', 'ot_subtotal.php;ot_shipping.php;ot_tax.php;ot_coupon.php;ot_total.php;ot_gv.php', 'List of order_total module filenames separated by a semi-colon. This is automatically updated. No need to edit. (Example: ot_subtotal.php;ot_tax.php;ot_shipping.php;ot_total.php)', 6, 0, '2006-08-19 00:01:04', '2006-07-05 23:28:08', NULL, NULL),
(69, 'Installed Modules', 'MODULE_SHIPPING_INSTALLED', 'flat.php', 'List of shipping module filenames separated by a semi-colon. This is automatically updated. No need to edit. (Example: ups.php;flat.php;item.php)', 6, 0, '2007-05-22 22:31:44', '2006-07-05 23:28:08', NULL, NULL),
(74, 'Enable Credit Card Module', 'MODULE_PAYMENT_CC_STATUS', 'True', 'Do you want to accept credit card payments?', 6, 0, NULL, '2006-07-05 23:28:08', NULL, 'tep_cfg_select_option(array(''True'', ''False''), '),
(75, 'Split Credit Card E-Mail Address', 'MODULE_PAYMENT_CC_EMAIL', '', 'If an e-mail address is entered, the middle digits of the credit card number will be sent to the e-mail address (the outside digits are stored in the database with the middle digits censored)', 6, 0, NULL, '2006-07-05 23:28:08', NULL, NULL),
(76, 'Sort order of display.', 'MODULE_PAYMENT_CC_SORT_ORDER', '0', 'Sort order of display. Lowest is displayed first.', 6, 0, NULL, '2006-07-05 23:28:08', NULL, NULL),
(77, 'Payment Zone', 'MODULE_PAYMENT_CC_ZONE', '0', 'If a zone is selected, only enable this payment method for that zone.', 6, 2, NULL, '2006-07-05 23:28:08', 'tep_get_zone_class_title', 'tep_cfg_pull_down_zone_classes('),
(78, 'Set Order Status', 'MODULE_PAYMENT_CC_ORDER_STATUS_ID', '0', 'Set the status of orders made with this payment module to this value', 6, 0, NULL, '2006-07-05 23:28:08', 'tep_get_order_status_name', 'tep_cfg_pull_down_order_statuses('),
(84, 'Default Currency', 'DEFAULT_CURRENCY', 'USD', 'Default Currency', 6, 0, NULL, '2006-07-05 23:28:08', NULL, NULL),
(85, 'Default Language', 'DEFAULT_LANGUAGE', 'en', 'Default Language', 6, 0, NULL, '2006-07-05 23:28:08', NULL, NULL),
(86, 'Default Order Status For New Orders', 'DEFAULT_ORDERS_STATUS_ID', '1', 'When a new order is created, this order status will be assigned to it.', 6, 0, NULL, '2006-07-05 23:28:08', NULL, NULL),
(87, 'Display Shipping', 'MODULE_ORDER_TOTAL_SHIPPING_STATUS', 'true', 'Do you want to display the order shipping cost?', 6, 1, NULL, '2006-07-05 23:28:08', NULL, 'tep_cfg_select_option(array(''true'', ''false''), '),
(88, 'Sort Order', 'MODULE_ORDER_TOTAL_SHIPPING_SORT_ORDER', '2', 'Sort order of display.', 6, 2, NULL, '2006-07-05 23:28:08', NULL, NULL),
(89, 'Allow Free Shipping', 'MODULE_ORDER_TOTAL_SHIPPING_FREE_SHIPPING', 'false', 'Do you want to allow free shipping?', 6, 3, NULL, '2006-07-05 23:28:08', NULL, 'tep_cfg_select_option(array(''true'', ''false''), '),
(90, 'Free Shipping For Orders Over', 'MODULE_ORDER_TOTAL_SHIPPING_FREE_SHIPPING_OVER', '50', 'Provide free shipping for orders over the set amount.', 6, 4, NULL, '2006-07-05 23:28:08', 'currencies->format', NULL),
(91, 'Provide Free Shipping For Orders Made', 'MODULE_ORDER_TOTAL_SHIPPING_DESTINATION', 'national', 'Provide free shipping for orders sent to the set destination.', 6, 5, NULL, '2006-07-05 23:28:08', NULL, 'tep_cfg_select_option(array(''national'', ''international'', ''both''), '),
(92, 'Display Sub-Total', 'MODULE_ORDER_TOTAL_SUBTOTAL_STATUS', 'true', 'Do you want to display the order sub-total cost?', 6, 1, NULL, '2006-07-05 23:28:08', NULL, 'tep_cfg_select_option(array(''true'', ''false''), '),
(93, 'Sort Order', 'MODULE_ORDER_TOTAL_SUBTOTAL_SORT_ORDER', '1', 'Sort order of display.', 6, 2, NULL, '2006-07-05 23:28:08', NULL, NULL),
(94, 'Display Tax', 'MODULE_ORDER_TOTAL_TAX_STATUS', 'true', 'Do you want to display the order tax value?', 6, 1, NULL, '2006-07-05 23:28:08', NULL, 'tep_cfg_select_option(array(''true'', ''false''), '),
(95, 'Sort Order', 'MODULE_ORDER_TOTAL_TAX_SORT_ORDER', '3', 'Sort order of display.', 6, 2, NULL, '2006-07-05 23:28:08', NULL, NULL),
(96, 'Display Total', 'MODULE_ORDER_TOTAL_TOTAL_STATUS', 'true', 'Do you want to display the total order value?', 6, 1, NULL, '2006-07-05 23:28:08', NULL, 'tep_cfg_select_option(array(''true'', ''false''), '),
(97, 'Sort Order', 'MODULE_ORDER_TOTAL_TOTAL_SORT_ORDER', '10', 'Sort order of display.', 6, 2, NULL, '2006-07-05 23:28:08', NULL, NULL),
(98, 'Country of Origin', 'SHIPPING_ORIGIN_COUNTRY', '223', 'Select the country of origin to be used in shipping quotes.', 7, 1, NULL, '2006-07-05 23:28:08', 'tep_get_country_name', 'tep_cfg_pull_down_country_list('),
(99, 'Postal Code', 'SHIPPING_ORIGIN_ZIP', '98102', 'Enter the Postal Code (ZIP) of the Store to be used in shipping quotes.', 7, 2, '2006-07-23 12:06:36', '2006-07-05 23:28:08', NULL, NULL),
(100, 'Enter the Maximum Package Weight you will ship', 'SHIPPING_MAX_WEIGHT', '50', 'Carriers have a max weight limit for a single package. This is a common one for all.', 7, 3, NULL, '2006-07-05 23:28:08', NULL, NULL),
(101, 'Package Tare weight.', 'SHIPPING_BOX_WEIGHT', '1', 'What is the weight of typical packaging of small to medium packages?', 7, 4, '2006-07-23 12:09:39', '2006-07-05 23:28:08', NULL, NULL),
(102, 'Larger packages - percentage increase.', 'SHIPPING_BOX_PADDING', '', 'For 10% enter 10', 7, 5, '2006-07-23 12:09:24', '2006-07-05 23:28:08', NULL, NULL),
(103, 'Display Product Image', 'PRODUCT_LIST_IMAGE', '1', 'Do you want to display the Product Image?', 8, 1, NULL, '2006-07-05 23:28:08', NULL, NULL),
(104, 'Display Product Manufacturer Name', 'PRODUCT_LIST_MANUFACTURER', '0', 'Do you want to display the Product Manufacturer Name?', 8, 2, NULL, '2006-07-05 23:28:08', NULL, NULL),
(105, 'Display Product Model', 'PRODUCT_LIST_MODEL', '0', 'Do you want to display the Product Model?', 8, 3, NULL, '2006-07-05 23:28:08', NULL, NULL),
(106, 'Display Product Name', 'PRODUCT_LIST_NAME', '2', 'Do you want to display the Product Name?', 8, 4, NULL, '2006-07-05 23:28:08', NULL, NULL),
(107, 'Display Product Price', 'PRODUCT_LIST_PRICE', '3', 'Do you want to display the Product Price', 8, 5, NULL, '2006-07-05 23:28:08', NULL, NULL),
(108, 'Display Product Quantity', 'PRODUCT_LIST_QUANTITY', '0', 'Do you want to display the Product Quantity?', 8, 6, NULL, '2006-07-05 23:28:08', NULL, NULL),
(109, 'Display Product Weight', 'PRODUCT_LIST_WEIGHT', '0', 'Do you want to display the Product Weight?', 8, 7, NULL, '2006-07-05 23:28:08', NULL, NULL),
(110, 'Display Buy Now column', 'PRODUCT_LIST_BUY_NOW', '4', 'Do you want to display the Buy Now column?', 8, 8, '2006-07-29 23:44:28', '2006-07-05 23:28:08', NULL, NULL),
(111, 'Display Category/Manufacturer Filter (0=disable; 1=enable)', 'PRODUCT_LIST_FILTER', '1', 'Do you want to display the Category/Manufacturer Filter?', 8, 9, NULL, '2006-07-05 23:28:08', NULL, NULL),
(112, 'Location of Prev/Next Navigation Bar (1-top, 2-bottom, 3-both)', 'PREV_NEXT_BAR_LOCATION', '2', 'Sets the location of the Prev/Next Navigation Bar (1-top, 2-bottom, 3-both)', 8, 10, NULL, '2006-07-05 23:28:08', NULL, NULL),
(113, 'Check stock level', 'STOCK_CHECK', 'true', 'Check to see if sufficent stock is available', 9, 1, NULL, '2006-07-05 23:28:08', NULL, 'tep_cfg_select_option(array(''true'', ''false''), '),
(114, 'Subtract stock', 'STOCK_LIMITED', 'true', 'Subtract product in stock by product orders', 9, 2, NULL, '2006-07-05 23:28:08', NULL, 'tep_cfg_select_option(array(''true'', ''false''), '),
(115, 'Allow Checkout', 'STOCK_ALLOW_CHECKOUT', 'true', 'Allow customer to checkout even if there is insufficient stock', 9, 3, '2006-08-15 00:35:31', '2006-07-05 23:28:08', NULL, 'tep_cfg_select_option(array(''true'', ''false''), '),
(116, 'Mark product out of stock', 'STOCK_MARK_PRODUCT_OUT_OF_STOCK', '***', 'Display something on screen so customer can see which product has insufficient stock', 9, 4, NULL, '2006-07-05 23:28:08', NULL, NULL),
(117, 'Stock Re-order level', 'STOCK_REORDER_LEVEL', '5', 'Define when stock needs to be re-ordered', 9, 5, NULL, '2006-07-05 23:28:08', NULL, NULL),
(118, 'Store Page Parse Time', 'STORE_PAGE_PARSE_TIME', 'false', 'Store the time it takes to parse a page', 10, 1, NULL, '2006-07-05 23:28:08', NULL, 'tep_cfg_select_option(array(''true'', ''false''), '),
(119, 'Log Destination', 'STORE_PAGE_PARSE_TIME_LOG', '/var/log/www/tep/page_parse_time.log', 'Directory and filename of the page parse time log', 10, 2, NULL, '2006-07-05 23:28:08', NULL, NULL),
(120, 'Log Date Format', 'STORE_PARSE_DATE_TIME_FORMAT', '%d/%m/%Y %H:%M:%S', 'The date format', 10, 3, NULL, '2006-07-05 23:28:08', NULL, NULL),
(121, 'Display The Page Parse Time', 'DISPLAY_PAGE_PARSE_TIME', 'false', 'Display the page parse time (store page parse time must be enabled)', 10, 4, '2006-09-24 23:25:02', '2006-07-05 23:28:08', NULL, 'tep_cfg_select_option(array(''true'', ''false''), '),
(122, 'Store Database Queries', 'STORE_DB_TRANSACTIONS', 'false', 'Store the database queries in the page parse time log (PHP4 only)', 10, 5, NULL, '2006-07-05 23:28:08', NULL, 'tep_cfg_select_option(array(''true'', ''false''), '),
(123, 'Use Cache', 'USE_CACHE', 'false', 'Use caching features', 11, 1, NULL, '2006-07-05 23:28:08', NULL, 'tep_cfg_select_option(array(''true'', ''false''), '),
(124, 'Cache Directory', 'DIR_FS_CACHE', '', 'The directory where the cached files are saved', 11, 2, '2006-07-23 12:07:40', '2006-07-05 23:28:08', NULL, NULL),
(125, 'E-Mail Transport Method', 'EMAIL_TRANSPORT', 'sendmail', 'Defines if this server uses a local connection to sendmail or uses an SMTP connection via TCP/IP. Servers running on Windows and MacOS should change this setting to SMTP.', 12, 1, NULL, '2006-07-05 23:28:08', NULL, 'tep_cfg_select_option(array(''sendmail'', ''smtp''),'),
(126, 'E-Mail Linefeeds', 'EMAIL_LINEFEED', 'LF', 'Defines the character sequence used to separate mail headers.', 12, 2, NULL, '2006-07-05 23:28:08', NULL, 'tep_cfg_select_option(array(''LF'', ''CRLF''),'),
(127, 'Use MIME HTML When Sending Emails', 'EMAIL_USE_HTML', 'true', 'Send e-mails in HTML format', 12, 3, '2006-07-23 12:07:50', '2006-07-05 23:28:08', NULL, 'tep_cfg_select_option(array(''true'', ''false''),'),
(128, 'Verify E-Mail Addresses Through DNS', 'ENTRY_EMAIL_ADDRESS_CHECK', 'false', 'Verify e-mail address through a DNS server', 12, 4, NULL, '2006-07-05 23:28:08', NULL, 'tep_cfg_select_option(array(''true'', ''false''), '),
(129, 'Send E-Mails', 'SEND_EMAILS', 'true', 'Send out e-mails', 12, 5, NULL, '2006-07-05 23:28:08', NULL, 'tep_cfg_select_option(array(''true'', ''false''), '),
(130, 'Enable download', 'DOWNLOAD_ENABLED', 'false', 'Enable the products download functions.', 13, 1, NULL, '2006-07-05 23:28:08', NULL, 'tep_cfg_select_option(array(''true'', ''false''), '),
(131, 'Download by redirect', 'DOWNLOAD_BY_REDIRECT', 'false', 'Use browser redirection for download. Disable on non-Unix systems.', 13, 2, NULL, '2006-07-05 23:28:08', NULL, 'tep_cfg_select_option(array(''true'', ''false''), '),
(132, 'Expiry delay (days)', 'DOWNLOAD_MAX_DAYS', '7', 'Set number of days before the download link expires. 0 means no limit.', 13, 3, NULL, '2006-07-05 23:28:08', NULL, ''),
(133, 'Maximum number of downloads', 'DOWNLOAD_MAX_COUNT', '5', 'Set the maximum number of downloads. 0 means no download authorized.', 13, 4, NULL, '2006-07-05 23:28:08', NULL, ''),
(134, 'Enable GZip Compression', 'GZIP_COMPRESSION', 'false', 'Enable HTTP GZip compression.', 14, 1, '2006-08-07 01:24:08', '2006-07-05 23:28:08', NULL, 'tep_cfg_select_option(array(''true'', ''false''), '),
(135, 'Compression Level', 'GZIP_LEVEL', '5', 'Use this compression level 0-9 (0 = minimum, 9 = maximum).', 14, 2, '2006-08-08 22:32:24', '2006-07-05 23:28:08', NULL, NULL),
(136, 'Session Directory', 'SESSION_WRITE_DIRECTORY', '', 'If sessions are file based, store them in this directory.', 15, 1, '2006-07-23 12:08:14', '2006-07-05 23:28:08', NULL, NULL),
(137, 'Force Cookie Use', 'SESSION_FORCE_COOKIE_USE', 'True', 'Force the use of sessions when cookies are only enabled.', 15, 2, '2006-08-02 16:32:01', '2006-07-05 23:28:08', NULL, 'tep_cfg_select_option(array(''True'', ''False''), '),
(138, 'Check SSL Session ID', 'SESSION_CHECK_SSL_SESSION_ID', 'False', 'Validate the SSL_SESSION_ID on every secure HTTPS page request.', 15, 3, NULL, '2006-07-05 23:28:08', NULL, 'tep_cfg_select_option(array(''True'', ''False''), '),
(139, 'Check User Agent', 'SESSION_CHECK_USER_AGENT', 'False', 'Validate the clients browser user agent on every page request.', 15, 4, NULL, '2006-07-05 23:28:08', NULL, 'tep_cfg_select_option(array(''True'', ''False''), '),
(140, 'Check IP Address', 'SESSION_CHECK_IP_ADDRESS', 'False', 'Validate the clients IP address on every page request.', 15, 5, NULL, '2006-07-05 23:28:08', NULL, 'tep_cfg_select_option(array(''True'', ''False''), '),
(141, 'Prevent Spider Sessions', 'SESSION_BLOCK_SPIDERS', 'True', 'Prevent known spiders from starting a session.', 15, 6, '2006-07-23 12:08:23', '2006-07-05 23:28:08', NULL, 'tep_cfg_select_option(array(''True'', ''False''), '),
(142, 'Recreate Session', 'SESSION_RECREATE', 'False', 'Recreate the session to generate a new session ID when the customer logs on or creates an account (PHP >=4.1 needed).', 15, 7, '2006-08-05 01:09:50', '2006-07-05 23:28:08', NULL, 'tep_cfg_select_option(array(''True'', ''False''), '),
(367, 'Installed Modules', 'MODULE_STS_INSTALLED', 'sts_default.php;sts_index.php;sts_product_info.php;sts_popup_image.php', 'This is automatically updated. No need to edit.', 6, 0, '2007-02-02 04:30:19', '2007-01-03 23:32:57', NULL, NULL),
(388, 'Default template file', 'MODULE_STS_TEMPLATE_FILE', 'sts_template.html', 'Name of the default template file', 6, 2, NULL, '2007-02-02 04:30:09', NULL, NULL),
(389, 'Use template for infoboxes', 'MODULE_STS_INFOBOX_STATUS', 'true', 'Do you want to use templates for infoboxes?', 6, 1, NULL, '2007-02-02 04:30:09', NULL, 'tep_cfg_select_option(array(''true'', ''false''), '),
(390, 'Use template for index page', 'MODULE_STS_INDEX_STATUS', 'true', 'Do you want to use templates for index page?', 6, 1, NULL, '2007-02-02 04:30:13', NULL, 'tep_cfg_select_option(array(''true'', ''false''), '),
(391, 'Files for index.php template', 'MODULE_STS_INDEX_NORMAL', 'sts_user_code.php;headertags.php', 'Files to include for an index.php template, separated by semicolon', 6, 2, NULL, '2007-02-02 04:30:13', NULL, NULL),
(392, 'Check parent templates', 'MODULE_STS_INDEX_PARENT', 'true', 'Do you want to check for parent categories templates?', 6, 1, NULL, '2007-02-02 04:30:13', NULL, 'tep_cfg_select_option(array(''true'', ''false''), '),
(393, 'Use template for the image popup page', 'MODULE_STS_POPUP_IMAGE_STATUS', 'true', 'Do you want to use templates for the image popup page', 6, 1, NULL, '2007-02-02 04:30:16', NULL, 'tep_cfg_select_option(array(''true'', ''false''), '),
(394, 'Files to include', 'MODULE_STS_POPUP_IMAGE_FILES', 'popup_image.php;headertags.php', 'Files to include for a normal template, separated by semicolon', 6, 2, NULL, '2007-02-02 04:30:16', NULL, NULL),
(387, 'Template folder', 'MODULE_STS_TEMPLATE_FOLDER', 'EosC', 'This is the template folder in use, located inside the previous parameter. Do not start nor end with a slash', 6, 2, NULL, '2007-02-02 04:30:09', NULL, NULL),
(385, 'Files for normal template', 'MODULE_STS_DEFAULT_NORMAL', 'sts_user_code.php;headertags.php', 'Files to include for a normal template, separated by semicolon', 6, 2, NULL, '2007-02-02 04:30:09', NULL, NULL),
(386, 'Base folder', 'MODULE_STS_TEMPLATES_FOLDER', 'includes/sts_templates/', 'Base folder where the templates folders are located. Relative to your catalog folder. Should end with a slash', 6, 2, NULL, '2007-02-02 04:30:09', NULL, NULL),
(155, 'To offer a gift voucher', 'NEW_SIGNUP_GIFT_VOUCHER_AMOUNT', '0', 'Please indicate the amount of the gift voucher which you want to offer a new customer.<br><br>Put 0 if you do not want to offer gift voucher.<br>', 1, 31, NULL, '2003-12-05 05:01:41', NULL, NULL),
(156, 'To offer a discount coupon', 'NEW_SIGNUP_DISCOUNT_COUPON', '', 'To offer a discount coupon to a new customer, enter the code of the coupon.<br><br>Leave empty if you do not want to offer discount coupon.<BR>', 1, 32, NULL, '2003-12-05 05:01:41', NULL, NULL),
(157, 'Sort order of display.', 'MODULE_PAYMENT_CCERR_SORT_ORDER', '99', 'Sort order of display. Lowest is displayed first.', 6, 0, NULL, '2006-07-23 04:35:51', NULL, NULL),
(158, 'Display Total', 'MODULE_ORDER_TOTAL_COUPON_STATUS', 'true', 'Do you want to display the Discount Coupon value?', 6, 1, NULL, '2006-07-23 04:36:01', NULL, 'tep_cfg_select_option(array(''true'', ''false''), '),
(159, 'Sort Order', 'MODULE_ORDER_TOTAL_COUPON_SORT_ORDER', '9', 'Sort order of display.', 6, 2, NULL, '2006-07-23 04:36:01', NULL, NULL),
(160, 'Include Shipping', 'MODULE_ORDER_TOTAL_COUPON_INC_SHIPPING', 'false', 'Include Shipping in calculation', 6, 5, NULL, '2006-07-23 04:36:01', NULL, 'tep_cfg_select_option(array(''true'', ''false''), '),
(161, 'Include Tax', 'MODULE_ORDER_TOTAL_COUPON_INC_TAX', 'false', 'Include Tax in calculation.', 6, 6, NULL, '2006-07-23 04:36:01', NULL, 'tep_cfg_select_option(array(''true'', ''false''), '),
(162, 'Re-calculate Tax', 'MODULE_ORDER_TOTAL_COUPON_CALC_TAX', 'None', 'Re-Calculate Tax', 6, 7, NULL, '2006-07-23 04:36:01', NULL, 'tep_cfg_select_option(array(''None'', ''Standard'', ''Credit Note''), '),
(163, 'Tax Class', 'MODULE_ORDER_TOTAL_COUPON_TAX_CLASS', '0', 'Use the following tax class when treating Discount Coupon as Credit Note.', 6, 0, NULL, '2006-07-23 04:36:01', 'tep_get_tax_class_title', 'tep_cfg_pull_down_tax_classes('),
(164, 'Display Total', 'MODULE_ORDER_TOTAL_GV_STATUS', 'true', 'Do you want to display the Gift Voucher value?', 6, 1, NULL, '2006-07-23 04:36:04', NULL, 'tep_cfg_select_option(array(''true'', ''false''), '),
(165, 'Sort Order', 'MODULE_ORDER_TOTAL_GV_SORT_ORDER', '740', 'Sort order of display.', 6, 2, NULL, '2006-07-23 04:36:04', NULL, NULL),
(166, 'Queue Purchases', 'MODULE_ORDER_TOTAL_GV_QUEUE', 'true', 'Do you want to queue purchases of the Gift Voucher?', 6, 3, NULL, '2006-07-23 04:36:04', NULL, 'tep_cfg_select_option(array(''true'', ''false''), '),
(167, 'Include Shipping', 'MODULE_ORDER_TOTAL_GV_INC_SHIPPING', 'true', 'Include Shipping in calculation', 6, 5, NULL, '2006-07-23 04:36:04', NULL, 'tep_cfg_select_option(array(''true'', ''false''), '),
(168, 'Include Tax', 'MODULE_ORDER_TOTAL_GV_INC_TAX', 'true', 'Include Tax in calculation.', 6, 6, NULL, '2006-07-23 04:36:04', NULL, 'tep_cfg_select_option(array(''true'', ''false''), '),
(169, 'Re-calculate Tax', 'MODULE_ORDER_TOTAL_GV_CALC_TAX', 'None', 'Re-Calculate Tax', 6, 7, NULL, '2006-07-23 04:36:04', NULL, 'tep_cfg_select_option(array(''None'', ''Standard'', ''Credit Note''), '),
(170, 'Tax Class', 'MODULE_ORDER_TOTAL_GV_TAX_CLASS', '0', 'Use the following tax class when treating Gift Voucher as Credit Note.', 6, 0, NULL, '2006-07-23 04:36:04', 'tep_get_tax_class_title', 'tep_cfg_pull_down_tax_classes('),
(171, 'Credit including Tax', 'MODULE_ORDER_TOTAL_GV_CREDIT_TAX', 'false', 'Add tax to purchased Gift Voucher when crediting to Account', 6, 8, NULL, '2006-07-23 04:36:04', NULL, 'tep_cfg_select_option(array(''true'', ''false''), '),
(172, 'Product Info Attribute Display Plugin', 'PRODINFO_ATTRIBUTE_PLUGIN', 'multiple_dropdowns', 'The plugin used for displaying attributes on the product information page.', 888001, 1, NULL, '2005-06-18 02:24:28', NULL, 'tep_cfg_pull_down_class_files(''pad_'','),
(173, 'Show Out of Stock Attributes', 'PRODINFO_ATTRIBUTE_SHOW_OUT_OF_STOCK', 'True', 'Controls the display of out of stock attributes.', 888001, 10, NULL, '2005-06-18 02:24:28', NULL, 'tep_cfg_select_option(array(''True'', ''False''),'),
(174, 'Mark Out of Stock Attributes', 'PRODINFO_ATTRIBUTE_MARK_OUT_OF_STOCK', 'Right', 'Controls how out of stock attributes are marked as out of stock.', 888001, 20, NULL, '2005-06-18 02:24:28', NULL, 'tep_cfg_select_option(array(''None'', ''Right'', ''Left''),'),
(175, 'Display Out of Stock Message Line', 'PRODINFO_ATTRIBUTE_OUT_OF_STOCK_MSGLINE', 'False', 'Controls the display of a message line indicating an out of stock attributes is selected.', 888001, 30, '2006-07-30 21:45:31', '2005-06-18 02:24:28', NULL, 'tep_cfg_select_option(array(''True'', ''False''),'),
(176, 'Prevent Adding Out of Stock to Cart', 'PRODINFO_ATTRIBUTE_NO_ADD_OUT_OF_STOCK', 'False', 'Prevents adding an out of stock attribute combination to the cart.', 888001, 40, '2006-08-08 22:37:38', '2005-06-18 02:24:28', NULL, 'tep_cfg_select_option(array(''True'', ''False''),'),
(178, 'Display Product Description', 'PRODUCT_LIST_DESCRIPTION', '1', 'Include product description in the product listing. The product description will be included under the product name. So, the product name has to be printed in the product listing', 8, NULL, '2006-09-24 13:23:36', '2006-07-23 22:12:36', NULL, NULL),
(179, 'Product Description', 'PRODUCT_LIST_DESCRIPTION_MAX_LENGTH', '300', 'Maximum number of caracters when displaying the product description in the product listing', 3, NULL, '2006-08-08 06:02:00', '2006-07-23 22:12:36', NULL, NULL),
(180, 'Enable Additional Images?', 'ULTIMATE_ADDITIONAL_IMAGES', 'enable', 'Display Additional Images below Product Description?', 4, 10, '2006-07-29 02:09:23', '2006-07-29 02:09:23', NULL, 'tep_cfg_select_option(array(''enable'', ''disable''),'),
(181, 'Additional Thumb Width', 'ULT_THUMB_IMAGE_WIDTH', '', 'The pixel width of additional thumb images', 4, 11, '2006-07-30 03:46:04', '2006-07-29 02:09:23', NULL, NULL),
(182, 'Additional Thumb Height', 'ULT_THUMB_IMAGE_HEIGHT', '', 'The pixel height of additional thumb images', 4, 12, '2006-07-30 03:46:15', '2006-07-29 02:09:23', NULL, NULL),
(183, 'Medium Image Width', 'MEDIUM_IMAGE_WIDTH', '', 'The pixel width of medium images', 4, 13, '2006-07-30 03:46:25', '2006-07-29 02:09:23', NULL, NULL),
(184, 'Medium Image Height', 'MEDIUM_IMAGE_HEIGHT', '', 'The pixel height of medium images', 4, 14, '2006-07-30 03:46:36', '2006-07-29 02:09:23', NULL, NULL),
(185, 'Large Image Width', 'LARGE_IMAGE_WIDTH', '', 'The pixel width of large images', 4, 15, '2006-07-30 03:46:45', '2006-07-29 02:09:23', NULL, NULL),
(186, 'Large Image Height', 'LARGE_IMAGE_HEIGHT', '', 'The pixel height of large images', 4, 16, '2006-07-30 03:46:55', '2006-07-29 02:09:23', NULL, NULL),
(187, 'Number of Reviews in Product Description', 'MAX_REVIEWS_IN_PRODUCT_INFO', '20', 'Number of reviews to display on product information page (set to 0 to disable)', 3, 19, '2006-08-24 00:35:07', '2006-07-29 02:25:07', NULL, NULL),
(193, 'Display TinyMCE', 'TINYMCE_DISPLAY', 'false', 'Set to true or false in order to display TinyMCE.', 193, 1, '2007-05-22 22:50:45', '2006-07-31 04:37:02', NULL, NULL),
(191, 'Number of column per row', 'PRODUCT_LIST_NUMCOL', '1', 'How many columns per row to display?', 8, 188, '2006-09-24 23:21:25', '2006-07-30 00:55:55', NULL, NULL),
(192, 'Order Editor- Display Payment Method dropdown?', 'DISPLAY_PAYMENT_METHOD_DROPDOWN', 'true', 'Display Payment Method in Order Editor as dropdown menu (true) or as input field (false)', 1, 21, NULL, '2006-04-02 11:51:01', NULL, 'tep_cfg_select_option(array(''true'', ''false''),'),
(194, 'Display Featured Products', 'FEATURED_PRODUCTS_DISPLAY', 'true', 'Set to true or false in order to display featured.', 39, 1, '2006-07-31 23:30:22', '2006-07-31 23:30:22', NULL, NULL),
(195, 'Maximum Display of Featured', 'MAX_DISPLAY_FEATURED_PRODUCTS', '6', 'This is the maximum amount of items to display on the front page.', 39, 2, '2006-07-31 23:30:22', '2006-07-31 23:30:22', NULL, NULL),
(196, 'Max. number of Products to be ordered in drop-down', 'NUM_PROD_MAXORD', '99', 'Enter the number,that shall be shown in the drop-down menu for number of products to be ordered in the shopping cart ', 3, 999, '2006-08-01 02:13:24', '2006-08-01 02:08:41', NULL, NULL),
(197, 'Display Database Queries', 'DISPLAY_QUERIES', 'false', 'Display COOKIE, SESSION, POST, and GET data in the footer', 10, 6, '2006-09-24 13:58:39', '2006-08-02 16:07:23', NULL, 'tep_cfg_select_option(array(''true'', ''false''),'),
(198, 'Installed Modules', '', '', 'This is automatically updated. No need to edit.', 6, 0, NULL, '2006-08-03 02:23:07', NULL, NULL),
(199, 'Display tabs', 'TABS_DISPLAY', 'true', 'Set to true or false in order to display tabs for products', 199, 1, '2006-08-31 00:05:16', '2006-08-08 21:53:08', NULL, NULL),
(384, 'Code for debug output', 'MODULE_STS_DEBUG_CODE', 'debug', 'Code to enable debug output from URL (ex: index.php?sts_debug=debug', 6, 2, NULL, '2007-02-02 04:30:09', NULL, NULL),
(338, 'Enable SEO URLs?', 'SEO_ENABLED', 'false', 'Before setting this TRUE make sure to edit the root .htaccess file and change RewriteBase /yourpath/ to your webroot.', 888002, 0, '2007-02-02 03:07:37', '2006-08-20 14:51:24', NULL, 'tep_cfg_select_option(array(''true'', ''false''),'),
(339, 'Add cPath to product URLs?', 'SEO_ADD_CPATH_TO_PRODUCT_URLS', 'false', 'This setting will append the cPath to the end of product URLs (i.e. - some-product-p-1.html?cPath=xx).', 888002, 1, '2006-08-20 14:51:24', '2006-08-20 14:51:24', NULL, 'tep_cfg_select_option(array(''true'', ''false''),'),
(340, 'Add category parent to begining of URLs?', 'SEO_ADD_CAT_PARENT', 'false', 'This setting will add the category parent name to the beginning of the category URLs (i.e. - parent-category-c-1.html).', 888002, 2, '2006-08-20 15:01:17', '2006-08-20 14:51:24', NULL, 'tep_cfg_select_option(array(''true'', ''false''),'),
(341, 'Filter Short Words', 'SEO_URLS_FILTER_SHORT_WORDS', '3', 'This setting will filter words less than or equal to the value from the URL.', 888002, 3, '2006-08-20 14:51:24', '2006-08-20 14:51:24', NULL, NULL),
(342, 'Output W3C valid URLs (parameter string)?', 'SEO_URLS_USE_W3C_VALID', 'false', 'This setting will output W3C valid URLs.', 888002, 4, '2006-08-23 17:03:55', '2006-08-20 14:51:24', NULL, 'tep_cfg_select_option(array(''true'', ''false''),'),
(343, 'Enable SEO cache to save queries?', 'USE_SEO_CACHE_GLOBAL', 'true', 'This is a global setting and will turn off caching completely.', 888002, 5, '2006-08-20 15:01:06', '2006-08-20 14:51:24', NULL, 'tep_cfg_select_option(array(''true'', ''false''),'),
(344, 'Enable product cache?', 'USE_SEO_CACHE_PRODUCTS', 'true', 'This will turn off caching for the products.', 888002, 6, '2006-08-20 15:01:01', '2006-08-20 14:51:24', NULL, 'tep_cfg_select_option(array(''true'', ''false''),'),
(345, 'Enable categories cache?', 'USE_SEO_CACHE_CATEGORIES', 'true', 'This will turn off caching for the categories.', 888002, 7, '2006-08-20 14:51:24', '2006-08-20 14:51:24', NULL, 'tep_cfg_select_option(array(''true'', ''false''),'),
(346, 'Enable manufacturers cache?', 'USE_SEO_CACHE_MANUFACTURERS', 'true', 'This will turn off caching for the manufacturers.', 888002, 8, '2006-08-20 14:51:24', '2006-08-20 14:51:24', NULL, 'tep_cfg_select_option(array(''true'', ''false''),'),
(347, 'Enable articles cache?', 'USE_SEO_CACHE_ARTICLES', 'true', 'This will turn off caching for the articles.', 888002, 9, '2006-08-20 14:51:24', '2006-08-20 14:51:24', NULL, 'tep_cfg_select_option(array(''true'', ''false''),'),
(348, 'Enable topics cache?', 'USE_SEO_CACHE_TOPICS', 'true', 'This will turn off caching for the article topics.', 888002, 10, '2006-08-20 14:51:24', '2006-08-20 14:51:24', NULL, 'tep_cfg_select_option(array(''true'', ''false''),'),
(349, 'Enable information cache?', 'USE_SEO_CACHE_INFO_PAGES', 'true', 'This will turn off caching for the information pages.', 888002, 11, '2006-08-20 14:51:24', '2006-08-20 14:51:24', NULL, 'tep_cfg_select_option(array(''true'', ''false''),'),
(350, 'Enable automatic redirects?', 'USE_SEO_REDIRECT', 'false', 'This will activate the automatic redirect code and send 301 headers for old to new URLs.', 888002, 12, '2006-08-20 15:26:35', '2006-08-20 14:51:24', NULL, 'tep_cfg_select_option(array(''true'', ''false''),'),
(351, 'Choose URL Rewrite Type', 'SEO_REWRITE_TYPE', 'Rewrite', 'Choose which SEO URL format to use.', 888002, 13, '2006-08-20 14:51:24', '2006-08-20 14:51:24', NULL, 'tep_cfg_select_option(array(''Rewrite''),'),
(352, 'Enter special character conversions', 'SEO_CHAR_CONVERT_SET', '', 'This setting will convert characters.<br><br>The format <b>MUST</b> be in the form: <b>char=>conv,char2=>conv2</b>', 888002, 14, '2006-08-20 14:51:24', '2006-08-20 14:51:24', NULL, NULL),
(353, 'Remove all non-alphanumeric characters?', 'SEO_REMOVE_ALL_SPEC_CHARS', 'false', 'This will remove all non-letters and non-numbers.  This should be handy to remove all special characters with 1 setting.', 888002, 15, '2006-08-20 14:51:24', '2006-08-20 14:51:24', NULL, 'tep_cfg_select_option(array(''true'', ''false''),'),
(354, 'Reset SEO URLs Cache', 'SEO_URLS_CACHE_RESET', 'false', 'This will reset the cache data for SEO', 888002, 16, '2006-08-20 15:12:38', '2006-08-20 14:51:24', 'tep_reset_cache_data_seo_urls', 'tep_cfg_select_option(array(''reset'', ''false''),'),
(383, 'Use Templates?', 'MODULE_STS_DEFAULT_STATUS', 'true', 'Do you want to use Simple Template System?', 6, 1, NULL, '2007-02-02 04:30:09', NULL, 'tep_cfg_select_option(array(''true'', ''false''), '),
(358, 'Shipping and Order Total Estimate', 'CARTSHIP_ONOFF', 'Disabled', 'Show shipping and order total estimate', 358, 1, '2006-09-26 01:57:29', '2004-06-29 07:10:52', NULL, 'tep_cfg_select_option(array(''Enabled'', ''Disabled''),'),
(359, 'Display order totals', 'CARTSHIP_SHOWOT', 'true', 'Display order totals', 358, 2, '2004-06-29 07:10:52', '2004-06-29 07:10:52', NULL, 'tep_cfg_select_option(array(''true'', ''false''),'),
(360, 'Display item count', 'CARTSHIP_SHOWIC', 'false', 'Display item count', 358, 2, '2006-09-25 13:00:11', '2004-06-29 07:10:52', NULL, 'tep_cfg_select_option(array(''true'', ''false''),'),
(361, 'Display shipping weight', 'CARTSHIP_SHOWWT', 'false', 'Display shipping weight', 358, 4, '2004-06-29 07:10:52', '2004-06-29 07:10:52', NULL, 'tep_cfg_select_option(array(''true'', ''false''),'),
(362, 'Shipping weight unit', 'CARTSHIP_WTUNIT', 'lbs', 'Shipping weight unit', 358, 5, '2004-06-29 07:10:52', '2004-06-29 07:10:52', NULL, NULL),
(363, 'Display Country drop-down menu', 'CARTSHIP_SHOWCDD', 'true', 'Display Country drop-down menu', 358, 6, '2004-06-29 07:10:52', '2004-06-29 07:10:52', NULL, 'tep_cfg_select_option(array(''true'', ''false''),'),
(364, 'Display State drop-down menu', 'CARTSHIP_SHOWSDD', 'false', 'Display State drop-down menu', 358, 7, '2004-06-29 07:10:52', '2004-06-29 07:10:52', NULL, 'tep_cfg_select_option(array(''true'', ''false''),'),
(365, 'Display Zip Code drop-down menu', 'CARTSHIP_SHOWZDD', 'true', 'Display Zip Code drop-down menu', 358, 8, '2004-06-29 07:10:52', '2004-06-29 07:10:52', NULL, 'tep_cfg_select_option(array(''true'', ''false''),'),
(366, 'Display Update button', 'CARTSHIP_SHOWUB', 'true', 'Display Update button', 358, 9, '2004-06-29 07:10:52', '2004-06-29 07:10:52', NULL, 'tep_cfg_select_option(array(''true'', ''false''),'),
(396, 'Enable STS3 compatibility mode', 'MODULE_STS_PRODUCT_V3COMPAT', 'false', 'Do you want to enable the STS v3 compatibility mode (only for product info templates made with STS v2 and v3)?', 6, 1, NULL, '2007-02-02 04:30:19', NULL, 'tep_cfg_select_option(array(''true'', ''false''), '),
(395, 'Use template for product info page', 'MODULE_STS_PRODUCT_INFO_STATUS', 'false', 'Do you want to use templates for product info pages?', 6, 1, NULL, '2007-02-02 04:30:19', NULL, 'tep_cfg_select_option(array(''true'', ''false''), '),
(397, 'Files for normal template', 'MODULE_STS_PRODUCT_INFO_NORMAL', 'sts_user_code.php;headertags.php', 'Files to include for a normal template, separated by semicolon', 6, 2, NULL, '2007-02-02 04:30:19', NULL, NULL),
(398, 'Files for content template', 'MODULE_STS_PRODUCT_INFO_CONTENT', 'sts_user_code.php;product_info.php', 'Files to include for a content template, separated by semicolon', 6, 3, NULL, '2007-02-02 04:30:19', NULL, NULL),
(399, 'Email Invoice to Customer', 'EMAIL_INVOICE', 'false', 'If this is enabled, order invoices will be sent to the customer in HTML format.<br><br>Enabled = true<br>Disabled = false<br><br>To use this, you must have <i>HTML E-mails</i> enabled.<br><br>', 12, 0, NULL, '2007-03-17 22:08:25', '', 'tep_cfg_select_option(array(''true'', ''false''),'),
(400, 'Default Email Template File', 'EMAIL_TEMPLATE_FILE', 'invoice.php', 'File name of the template file you will be using when the store e-mails HTML invoices to your customers<BR><BR>"<i>invoice.php</i>" for the stock osC look<BR><BR>"<i>fancy.php</i>" for the Fancier Invoice mod version<BR><BR>', 12, 0, NULL, '2007-03-17 22:08:25', '', ''),
(467, 'Shipping Zone', 'MODULE_SHIPPING_FLAT_ZONE', '0', 'If a zone is selected, only enable this shipping method for that zone.', 6, 0, NULL, '2007-05-22 22:31:43', 'tep_get_zone_class_title', 'tep_cfg_pull_down_zone_classes('),
(468, 'Sort Order', 'MODULE_SHIPPING_FLAT_SORT_ORDER', '0', 'Sort order of display.', 6, 0, NULL, '2007-05-22 22:31:43', NULL, NULL),
(464, 'Enable Flat Shipping', 'MODULE_SHIPPING_FLAT_STATUS', 'True', 'Do you want to offer flat rate shipping?', 6, 0, NULL, '2007-05-22 22:31:43', NULL, 'tep_cfg_select_option(array(''True'', ''False''), '),
(465, 'Shipping Cost', 'MODULE_SHIPPING_FLAT_COST', '5.00', 'The shipping cost for all orders using this shipping method.', 6, 0, NULL, '2007-05-22 22:31:43', NULL, NULL),
(466, 'Tax Class', 'MODULE_SHIPPING_FLAT_TAX_CLASS', '0', 'Use the following tax class on the shipping fee.', 6, 0, NULL, '2007-05-22 22:31:43', 'tep_get_tax_class_title', 'tep_cfg_pull_down_tax_classes(');

# --------------------------------------------------------

# 
# Table structure for table 'configuration_group'
# 

CREATE TABLE configuration_group (
  configuration_group_id int(11) NOT NULL auto_increment,
  configuration_group_title varchar(64) NOT NULL,
  configuration_group_description varchar(255) NOT NULL,
  sort_order int(5) default NULL,
  visible int(1) default '1',
  PRIMARY KEY  (configuration_group_id)
) ENGINE=MyISAM  ;

# 
# Dumping data for table 'configuration_group'
# 

INSERT INTO configuration_group (configuration_group_id, configuration_group_title, configuration_group_description, sort_order, visible) VALUES 
(1, 'My Store', 'General information about my store', 1, 1),
(2, 'Minimum Values', 'The minimum values for functions / data', 2, 1),
(3, 'Maximum Values', 'The maximum values for functions / data', 3, 1),
(4, 'Images', 'Image parameters', 4, 1),
(5, 'Customer Details', 'Customer account configuration', 5, 1),
(6, 'Module Options', 'Hidden from configuration', 6, 0),
(7, 'Shipping/Packaging', 'Shipping options available at my store', 7, 1),
(8, 'Product Listing', 'Product Listing    configuration options', 8, 1),
(9, 'Stock', 'Stock configuration options', 9, 1),
(10, 'Logging', 'Logging configuration options', 10, 1),
(11, 'Cache', 'Caching configuration options', 11, 1),
(12, 'E-Mail Options', 'General setting for E-Mail transport and HTML E-Mails', 12, 1),
(13, 'Download', 'Downloadable products options', 13, 1),
(14, 'GZip Compression', 'GZip compression options', 14, 1),
(15, 'Sessions', 'Session options', 15, 1),
(888001, 'Product Information', 'Product Information page configuration options', 8, 1),
(193, 'TinyMCE', 'TinyMCE Display', 193, 1),
(39, 'Featured', 'Featured Products Display', 192, 1),
(199, 'Tabbed Display', 'Tabbed Display', 199, 1),
(888002, 'SEO URLs', 'Options for Ultimate SEO URLs by Chemo', 200, 1),
(358, 'Shopping Cart', 'Shopping Cart options', 358, 1);

# --------------------------------------------------------

# 
# Table structure for table 'counter'
# 

CREATE TABLE counter (
  startdate char(8) default NULL,
  counter int(12) default NULL
) ENGINE=MyISAM ;

# 
# Dumping data for table 'counter'
# 

INSERT INTO counter (startdate, counter) VALUES 
('20060705', 5363);

# --------------------------------------------------------

# 
# Table structure for table 'counter_history'
# 

CREATE TABLE counter_history (
  `month` char(8) default NULL,
  counter int(12) default NULL
) ENGINE=MyISAM ;

# 
# Dumping data for table 'counter_history'
# 


# --------------------------------------------------------

# 
# Table structure for table 'countries'
# 

CREATE TABLE countries (
  countries_id int(11) NOT NULL auto_increment,
  countries_name varchar(64) NOT NULL,
  countries_iso_code_2 char(2) NOT NULL,
  countries_iso_code_3 char(3) NOT NULL,
  address_format_id int(11) NOT NULL,
  PRIMARY KEY  (countries_id),
  KEY IDX_COUNTRIES_NAME (countries_name)
) ENGINE=MyISAM  ;

# 
# Dumping data for table 'countries'
# 

INSERT INTO countries (countries_id, countries_name, countries_iso_code_2, countries_iso_code_3, address_format_id) VALUES 
(1, 'Afghanistan', 'AF', 'AFG', 1),
(2, 'Albania', 'AL', 'ALB', 1),
(3, 'Algeria', 'DZ', 'DZA', 1),
(4, 'American Samoa', 'AS', 'ASM', 1),
(5, 'Andorra', 'AD', 'AND', 1),
(6, 'Angola', 'AO', 'AGO', 1),
(7, 'Anguilla', 'AI', 'AIA', 1),
(8, 'Antarctica', 'AQ', 'ATA', 1),
(9, 'Antigua and Barbuda', 'AG', 'ATG', 1),
(10, 'Argentina', 'AR', 'ARG', 1),
(11, 'Armenia', 'AM', 'ARM', 1),
(12, 'Aruba', 'AW', 'ABW', 1),
(13, 'Australia', 'AU', 'AUS', 1),
(14, 'Austria', 'AT', 'AUT', 5),
(15, 'Azerbaijan', 'AZ', 'AZE', 1),
(16, 'Bahamas', 'BS', 'BHS', 1),
(17, 'Bahrain', 'BH', 'BHR', 1),
(18, 'Bangladesh', 'BD', 'BGD', 1),
(19, 'Barbados', 'BB', 'BRB', 1),
(20, 'Belarus', 'BY', 'BLR', 1),
(21, 'Belgium', 'BE', 'BEL', 1),
(22, 'Belize', 'BZ', 'BLZ', 1),
(23, 'Benin', 'BJ', 'BEN', 1),
(24, 'Bermuda', 'BM', 'BMU', 1),
(25, 'Bhutan', 'BT', 'BTN', 1),
(26, 'Bolivia', 'BO', 'BOL', 1),
(27, 'Bosnia-Herzegowina', 'BA', 'BIH', 1),
(28, 'Botswana', 'BW', 'BWA', 1),
(29, 'Bouvet Island', 'BV', 'BVT', 1),
(30, 'Brazil', 'BR', 'BRA', 1),
(32, 'Brunei Darussalam', 'BN', 'BRN', 1),
(33, 'Bulgaria', 'BG', 'BGR', 1),
(34, 'Burkina Faso', 'BF', 'BFA', 1),
(35, 'Burundi', 'BI', 'BDI', 1),
(36, 'Cambodia', 'KH', 'KHM', 1),
(37, 'Cameroon', 'CM', 'CMR', 1),
(38, 'Canada', 'CA', 'CAN', 1),
(39, 'Cape Verde', 'CV', 'CPV', 1),
(40, 'Cayman Islands', 'KY', 'CYM', 1),
(41, 'Central African Republic', 'CF', 'CAF', 1),
(42, 'Chad', 'TD', 'TCD', 1),
(43, 'Chile', 'CL', 'CHL', 1),
(44, 'China', 'CN', 'CHN', 1),
(45, 'Christmas Island', 'CX', 'CXR', 1),
(46, 'Cocos (Keeling) Islands', 'CC', 'CCK', 1),
(47, 'Colombia', 'CO', 'COL', 1),
(48, 'Comoros', 'KM', 'COM', 1),
(49, 'Congo', 'CG', 'COG', 1),
(50, 'Cook Islands', 'CK', 'COK', 1),
(51, 'Costa Rica', 'CR', 'CRI', 1),
(52, 'Cote D''Ivoire', 'CI', 'CIV', 1),
(53, 'Croatia', 'HR', 'HRV', 1),
(54, 'Cuba', 'CU', 'CUB', 1),
(55, 'Cyprus', 'CY', 'CYP', 1),
(56, 'Czech Republic', 'CZ', 'CZE', 1),
(57, 'Denmark', 'DK', 'DNK', 1),
(58, 'Djibouti', 'DJ', 'DJI', 1),
(59, 'Dominica', 'DM', 'DMA', 1),
(60, 'Dominican Republic', 'DO', 'DOM', 1),
(61, 'East Timor', 'TP', 'TMP', 1),
(62, 'Ecuador', 'EC', 'ECU', 1),
(63, 'Egypt', 'EG', 'EGY', 1),
(64, 'El Salvador', 'SV', 'SLV', 1),
(65, 'Equatorial Guinea', 'GQ', 'GNQ', 1),
(66, 'Eritrea', 'ER', 'ERI', 1),
(67, 'Estonia', 'EE', 'EST', 1),
(68, 'Ethiopia', 'ET', 'ETH', 1),
(69, 'Falkland Islands', 'FK', 'FLK', 1),
(70, 'Faroe Islands', 'FO', 'FRO', 1),
(71, 'Fiji', 'FJ', 'FJI', 1),
(72, 'Finland', 'FI', 'FIN', 1),
(73, 'France', 'FR', 'FRA', 1),
(74, 'France, Metropolitan', 'FX', 'FXX', 1),
(75, 'French Guiana', 'GF', 'GUF', 1),
(76, 'French Polynesia', 'PF', 'PYF', 1),
(78, 'Gabon', 'GA', 'GAB', 1),
(79, 'Gambia', 'GM', 'GMB', 1),
(80, 'Georgia', 'GE', 'GEO', 1),
(81, 'Germany', 'DE', 'DEU', 5),
(82, 'Ghana', 'GH', 'GHA', 1),
(83, 'Gibraltar', 'GI', 'GIB', 1),
(84, 'Greece', 'GR', 'GRC', 1),
(85, 'Greenland', 'GL', 'GRL', 1),
(86, 'Grenada', 'GD', 'GRD', 1),
(87, 'Guadeloupe', 'GP', 'GLP', 1),
(88, 'Guam', 'GU', 'GUM', 1),
(89, 'Guatemala', 'GT', 'GTM', 1),
(90, 'Guinea', 'GN', 'GIN', 1),
(91, 'Guinea-bissau', 'GW', 'GNB', 1),
(92, 'Guyana', 'GY', 'GUY', 1),
(93, 'Haiti', 'HT', 'HTI', 1),
(95, 'Honduras', 'HN', 'HND', 1),
(96, 'Hong Kong', 'HK', 'HKG', 1),
(97, 'Hungary', 'HU', 'HUN', 1),
(98, 'Iceland', 'IS', 'ISL', 1),
(99, 'India', 'IN', 'IND', 1),
(100, 'Indonesia', 'ID', 'IDN', 1),
(101, 'Iran', 'IR', 'IRN', 1),
(102, 'Iraq', 'IQ', 'IRQ', 1),
(103, 'Ireland', 'IE', 'IRL', 1),
(104, 'Israel', 'IL', 'ISR', 1),
(105, 'Italy', 'IT', 'ITA', 1),
(106, 'Jamaica', 'JM', 'JAM', 1),
(107, 'Japan', 'JP', 'JPN', 1),
(108, 'Jordan', 'JO', 'JOR', 1),
(109, 'Kazakhstan', 'KZ', 'KAZ', 1),
(110, 'Kenya', 'KE', 'KEN', 1),
(111, 'Kiribati', 'KI', 'KIR', 1),
(112, 'Korea, PRK', 'KP', 'PRK', 1),
(113, 'Korea, KOR', 'KR', 'KOR', 1),
(114, 'Kuwait', 'KW', 'KWT', 1),
(115, 'Kyrgyzstan', 'KG', 'KGZ', 1),
(116, 'Laos', 'LA', 'LAO', 1),
(117, 'Latvia', 'LV', 'LVA', 1),
(118, 'Lebanon', 'LB', 'LBN', 1),
(119, 'Lesotho', 'LS', 'LSO', 1),
(120, 'Liberia', 'LR', 'LBR', 1),
(121, 'Libyan Arab Jamahiriya', 'LY', 'LBY', 1),
(122, 'Liechtenstein', 'LI', 'LIE', 1),
(123, 'Lithuania', 'LT', 'LTU', 1),
(124, 'Luxembourg', 'LU', 'LUX', 1),
(125, 'Macau', 'MO', 'MAC', 1),
(126, 'Macedonia', 'MK', 'MKD', 1),
(127, 'Madagascar', 'MG', 'MDG', 1),
(128, 'Malawi', 'MW', 'MWI', 1),
(129, 'Malaysia', 'MY', 'MYS', 1),
(130, 'Maldives', 'MV', 'MDV', 1),
(131, 'Mali', 'ML', 'MLI', 1),
(132, 'Malta', 'MT', 'MLT', 1),
(133, 'Marshall Islands', 'MH', 'MHL', 1),
(134, 'Martinique', 'MQ', 'MTQ', 1),
(135, 'Mauritania', 'MR', 'MRT', 1),
(136, 'Mauritius', 'MU', 'MUS', 1),
(137, 'Mayotte', 'YT', 'MYT', 1),
(138, 'Mexico', 'MX', 'MEX', 1),
(139, 'Micronesia', 'FM', 'FSM', 1),
(140, 'Moldova', 'MD', 'MDA', 1),
(141, 'Monaco', 'MC', 'MCO', 1),
(142, 'Mongolia', 'MN', 'MNG', 1),
(143, 'Montserrat', 'MS', 'MSR', 1),
(144, 'Morocco', 'MA', 'MAR', 1),
(145, 'Mozambique', 'MZ', 'MOZ', 1),
(146, 'Myanmar', 'MM', 'MMR', 1),
(147, 'Namibia', 'NA', 'NAM', 1),
(148, 'Nauru', 'NR', 'NRU', 1),
(149, 'Nepal', 'NP', 'NPL', 1),
(150, 'Netherlands', 'NL', 'NLD', 1),
(151, 'Netherlands Antilles', 'AN', 'ANT', 1),
(152, 'New Caledonia', 'NC', 'NCL', 1),
(153, 'New Zealand', 'NZ', 'NZL', 1),
(154, 'Nicaragua', 'NI', 'NIC', 1),
(155, 'Niger', 'NE', 'NER', 1),
(156, 'Nigeria', 'NG', 'NGA', 1),
(157, 'Niue', 'NU', 'NIU', 1),
(158, 'Norfolk Island', 'NF', 'NFK', 1),
(159, 'Northern Mariana Islands', 'MP', 'MNP', 1),
(160, 'Norway', 'NO', 'NOR', 1),
(161, 'Oman', 'OM', 'OMN', 1),
(162, 'Pakistan', 'PK', 'PAK', 1),
(163, 'Palau', 'PW', 'PLW', 1),
(164, 'Panama', 'PA', 'PAN', 1),
(165, 'Papua New Guinea', 'PG', 'PNG', 1),
(166, 'Paraguay', 'PY', 'PRY', 1),
(167, 'Peru', 'PE', 'PER', 1),
(168, 'Philippines', 'PH', 'PHL', 1),
(169, 'Pitcairn', 'PN', 'PCN', 1),
(170, 'Poland', 'PL', 'POL', 1),
(171, 'Portugal', 'PT', 'PRT', 1),
(172, 'Puerto Rico', 'PR', 'PRI', 1),
(173, 'Qatar', 'QA', 'QAT', 1),
(174, 'Reunion', 'RE', 'REU', 1),
(175, 'Romania', 'RO', 'ROM', 1),
(176, 'Russian Federation', 'RU', 'RUS', 1),
(177, 'Rwanda', 'RW', 'RWA', 1),
(178, 'Saint Kitts and Nevis', 'KN', 'KNA', 1),
(179, 'Saint Lucia', 'LC', 'LCA', 1),
(180, 'Saint Vincent-Grenadines', 'VC', 'VCT', 1),
(181, 'Samoa', 'WS', 'WSM', 1),
(182, 'San Marino', 'SM', 'SMR', 1),
(183, 'Sao Tome and Principe', 'ST', 'STP', 1),
(184, 'Saudi Arabia', 'SA', 'SAU', 1),
(185, 'Senegal', 'SN', 'SEN', 1),
(186, 'Seychelles', 'SC', 'SYC', 1),
(187, 'Sierra Leone', 'SL', 'SLE', 1),
(188, 'Singapore', 'SG', 'SGP', 4),
(189, 'Slovakia', 'SK', 'SVK', 1),
(190, 'Slovenia', 'SI', 'SVN', 1),
(191, 'Solomon Islands', 'SB', 'SLB', 1),
(192, 'Somalia', 'SO', 'SOM', 1),
(193, 'South Africa', 'ZA', 'ZAF', 1),
(194, 'Georgia-Sandwich Islands', 'GS', 'SGS', 1),
(195, 'Spain', 'ES', 'ESP', 3),
(196, 'Sri Lanka', 'LK', 'LKA', 1),
(197, 'St. Helena', 'SH', 'SHN', 1),
(198, 'St. Pierre and Miquelon', 'PM', 'SPM', 1),
(199, 'Sudan', 'SD', 'SDN', 1),
(200, 'Suriname', 'SR', 'SUR', 1),
(201, 'Svalbard-Jan Mayen Islands', 'SJ', 'SJM', 1),
(202, 'Swaziland', 'SZ', 'SWZ', 1),
(203, 'Sweden', 'SE', 'SWE', 1),
(204, 'Switzerland', 'CH', 'CHE', 1),
(205, 'Syrian Arab Republic', 'SY', 'SYR', 1),
(206, 'Taiwan', 'TW', 'TWN', 1),
(207, 'Tajikistan', 'TJ', 'TJK', 1),
(208, 'Tanzania', 'TZ', 'TZA', 1),
(209, 'Thailand', 'TH', 'THA', 1),
(210, 'Togo', 'TG', 'TGO', 1),
(211, 'Tokelau', 'TK', 'TKL', 1),
(212, 'Tonga', 'TO', 'TON', 1),
(213, 'Trinidad and Tobago', 'TT', 'TTO', 1),
(214, 'Tunisia', 'TN', 'TUN', 1),
(215, 'Turkey', 'TR', 'TUR', 1),
(216, 'Turkmenistan', 'TM', 'TKM', 1),
(217, 'Turks-Caicos Islands', 'TC', 'TCA', 1),
(218, 'Tuvalu', 'TV', 'TUV', 1),
(219, 'Uganda', 'UG', 'UGA', 1),
(220, 'Ukraine', 'UA', 'UKR', 1),
(221, 'United Arab Emirates', 'AE', 'ARE', 1),
(222, 'United Kingdom', 'GB', 'GBR', 1),
(223, 'United States', 'US', 'USA', 2),
(225, 'Uruguay', 'UY', 'URY', 1),
(226, 'Uzbekistan', 'UZ', 'UZB', 1),
(227, 'Vanuatu', 'VU', 'VUT', 1),
(228, 'Vatican City State', 'VA', 'VAT', 1),
(229, 'Venezuela', 'VE', 'VEN', 1),
(230, 'Viet Nam', 'VN', 'VNM', 1),
(231, 'Virgin Islands (British)', 'VG', 'VGB', 1),
(232, 'Virgin Islands (U.S.)', 'VI', 'VIR', 1),
(234, 'Western Sahara', 'EH', 'ESH', 1),
(235, 'Yemen', 'YE', 'YEM', 1),
(236, 'Yugoslavia', 'YU', 'YUG', 1),
(237, 'Zaire', 'ZR', 'ZAR', 1),
(238, 'Zambia', 'ZM', 'ZMB', 1),
(239, 'Zimbabwe', 'ZW', 'ZWE', 1);

# --------------------------------------------------------

# 
# Table structure for table 'coupon_email_track'
# 

CREATE TABLE coupon_email_track (
  unique_id int(11) NOT NULL auto_increment,
  coupon_id int(11) NOT NULL default '0',
  customer_id_sent int(11) NOT NULL default '0',
  sent_firstname varchar(32) default NULL,
  sent_lastname varchar(32) default NULL,
  emailed_to varchar(32) default NULL,
  date_sent datetime NOT NULL default '0000-00-00 00:00:00',
  PRIMARY KEY  (unique_id)
) ENGINE=MyISAM ;

# 
# Dumping data for table 'coupon_email_track'
# 


# --------------------------------------------------------

# 
# Table structure for table 'coupon_gv_customer'
# 

CREATE TABLE coupon_gv_customer (
  customer_id int(5) NOT NULL default '0',
  amount decimal(8,4) NOT NULL default '0.0000',
  PRIMARY KEY  (customer_id),
  KEY customer_id (customer_id)
) ENGINE=MyISAM ;

# 
# Dumping data for table 'coupon_gv_customer'
# 


# --------------------------------------------------------

# 
# Table structure for table 'coupon_gv_queue'
# 

CREATE TABLE coupon_gv_queue (
  unique_id int(5) NOT NULL auto_increment,
  customer_id int(5) NOT NULL default '0',
  order_id int(5) NOT NULL default '0',
  amount decimal(8,4) NOT NULL default '0.0000',
  date_created datetime NOT NULL default '0000-00-00 00:00:00',
  ipaddr varchar(32) NOT NULL default '',
  release_flag char(1) NOT NULL default 'N',
  PRIMARY KEY  (unique_id),
  KEY uid (unique_id,customer_id,order_id)
) ENGINE=MyISAM ;

# 
# Dumping data for table 'coupon_gv_queue'
# 


# --------------------------------------------------------

# 
# Table structure for table 'coupon_redeem_track'
# 

CREATE TABLE coupon_redeem_track (
  unique_id int(11) NOT NULL auto_increment,
  coupon_id int(11) NOT NULL default '0',
  customer_id int(11) NOT NULL default '0',
  redeem_date datetime NOT NULL default '0000-00-00 00:00:00',
  redeem_ip varchar(32) NOT NULL default '',
  order_id int(11) NOT NULL default '0',
  PRIMARY KEY  (unique_id)
) ENGINE=MyISAM  ;

# 
# Dumping data for table 'coupon_redeem_track'
# 

INSERT INTO coupon_redeem_track (unique_id, coupon_id, customer_id, redeem_date, redeem_ip, order_id) VALUES 
(1, 1, 2, '2006-07-23 12:26:10', '127.0.0.1', 1),
(2, 1, 2, '2006-07-23 14:02:59', '127.0.0.1', 2);

# --------------------------------------------------------

# 
# Table structure for table 'coupons'
# 

CREATE TABLE coupons (
  coupon_id int(11) NOT NULL auto_increment,
  coupon_type char(1) NOT NULL default 'F',
  coupon_code varchar(32) NOT NULL default '',
  coupon_amount decimal(8,4) NOT NULL default '0.0000',
  coupon_minimum_order decimal(8,4) NOT NULL default '0.0000',
  coupon_start_date datetime NOT NULL default '0000-00-00 00:00:00',
  coupon_expire_date datetime NOT NULL default '0000-00-00 00:00:00',
  uses_per_coupon int(5) NOT NULL default '1',
  uses_per_user int(5) NOT NULL default '0',
  restrict_to_products varchar(255) default NULL,
  restrict_to_categories varchar(255) default NULL,
  restrict_to_customers text,
  coupon_active char(1) NOT NULL default 'Y',
  date_created datetime NOT NULL default '0000-00-00 00:00:00',
  date_modified datetime NOT NULL default '0000-00-00 00:00:00',
  PRIMARY KEY  (coupon_id)
) ENGINE=MyISAM  ;

# 
# Dumping data for table 'coupons'
# 

INSERT INTO coupons (coupon_id, coupon_type, coupon_code, coupon_amount, coupon_minimum_order, coupon_start_date, coupon_expire_date, uses_per_coupon, uses_per_user, restrict_to_products, restrict_to_categories, restrict_to_customers, coupon_active, date_created, date_modified) VALUES 
(1, 'P', 'testing', 50.0000, 0.0000, '2006-07-23 00:00:00', '2007-07-23 00:00:00', 0, 0, '', '', NULL, 'Y', '2006-07-23 00:00:00', '2006-08-19 00:00:10');

# --------------------------------------------------------

# 
# Table structure for table 'coupons_description'
# 

CREATE TABLE coupons_description (
  coupon_id int(11) NOT NULL default '0',
  language_id int(11) NOT NULL default '0',
  coupon_name varchar(32) NOT NULL default '',
  coupon_description text,
  KEY coupon_id (coupon_id)
) ENGINE=MyISAM ;

# 
# Dumping data for table 'coupons_description'
# 

INSERT INTO coupons_description (coupon_id, language_id, coupon_name, coupon_description) VALUES 
(1, 1, '50% Test', '50% Test');

# --------------------------------------------------------

# 
# Table structure for table 'currencies'
# 

CREATE TABLE currencies (
  currencies_id int(11) NOT NULL auto_increment,
  title varchar(32) NOT NULL,
  `code` char(3) NOT NULL,
  symbol_left varchar(12) default NULL,
  symbol_right varchar(12) default NULL,
  decimal_point char(1) default NULL,
  thousands_point char(1) default NULL,
  decimal_places char(1) default NULL,
  `value` float(13,8) default NULL,
  last_updated datetime default NULL,
  PRIMARY KEY  (currencies_id)
) ENGINE=MyISAM  ;

# 
# Dumping data for table 'currencies'
# 

INSERT INTO currencies (currencies_id, title, code, symbol_left, symbol_right, decimal_point, thousands_point, decimal_places, value, last_updated) VALUES 
(1, 'US Dollar', 'USD', '$', '', '.', ',', '2', 1.00000000, '2006-07-05 23:28:08');

# --------------------------------------------------------

# 
# Table structure for table 'customers'
# 

CREATE TABLE customers (
  customers_id int(11) NOT NULL auto_increment,
  customers_gender char(1) NOT NULL,
  customers_firstname varchar(32) NOT NULL,
  customers_lastname varchar(32) NOT NULL,
  customers_dob datetime NOT NULL default '0000-00-00 00:00:00',
  customers_email_address varchar(96) NOT NULL,
  customers_default_address_id int(11) default NULL,
  customers_telephone varchar(32) NOT NULL,
  customers_fax varchar(32) default NULL,
  customers_password varchar(40) NOT NULL,
  customers_newsletter char(1) default NULL,
  customers_group_id smallint(5) unsigned NOT NULL default '0',
  customers_group_ra enum('0','1') NOT NULL,
  customers_payment_allowed varchar(255) NOT NULL default '',
  customers_shipment_allowed varchar(255) NOT NULL default '',
  PRIMARY KEY  (customers_id)
) ENGINE=MyISAM  ;

# 
# Dumping data for table 'customers'
# 

INSERT INTO customers (customers_id, customers_gender, customers_firstname, customers_lastname, customers_dob, customers_email_address, customers_default_address_id, customers_telephone, customers_fax, customers_password, customers_newsletter, customers_group_id, customers_group_ra, customers_payment_allowed, customers_shipment_allowed) VALUES 
(5, '', 'Evolve', 'Networks', '0000-00-00 00:00:00', 'support@e.volve.net', 5, '800.513.2635', '800.513.2635', '88dad68ff26c8b7998a8de78e27b23b2:36', '0', 1, '1', '', '');

# --------------------------------------------------------

# 
# Table structure for table 'customers_basket'
# 

CREATE TABLE customers_basket (
  customers_basket_id int(11) NOT NULL auto_increment,
  customers_id int(11) NOT NULL,
  products_id tinytext NOT NULL,
  customers_basket_quantity int(2) NOT NULL,
  final_price decimal(15,4) default NULL,
  customers_basket_date_added char(8) default NULL,
  PRIMARY KEY  (customers_basket_id)
) ENGINE=MyISAM  ;

# 
# Dumping data for table 'customers_basket'
# 

INSERT INTO customers_basket (customers_basket_id, customers_id, products_id, customers_basket_quantity, final_price, customers_basket_date_added) VALUES 
(60, 5, '30{4}1', 1, NULL, '20060925'),
(62, 5, '29', 1, NULL, '20070522'),
(63, 5, '35', 1, NULL, '20070522');

# --------------------------------------------------------

# 
# Table structure for table 'customers_basket_attributes'
# 

CREATE TABLE customers_basket_attributes (
  customers_basket_attributes_id int(11) NOT NULL auto_increment,
  customers_id int(11) NOT NULL default '0',
  products_id tinytext NOT NULL,
  products_options_id int(11) NOT NULL default '0',
  products_options_value_id int(11) NOT NULL default '0',
  PRIMARY KEY  (customers_basket_attributes_id)
) ENGINE=MyISAM  ;

# 
# Dumping data for table 'customers_basket_attributes'
# 

INSERT INTO customers_basket_attributes (customers_basket_attributes_id, customers_id, products_id, products_options_id, products_options_value_id) VALUES 
(29, 5, '30{4}1', 4, 1);

# --------------------------------------------------------

# 
# Table structure for table 'customers_groups'
# 

CREATE TABLE customers_groups (
  customers_group_id smallint(5) unsigned NOT NULL,
  customers_group_name varchar(32) NOT NULL default '',
  customers_group_show_tax enum('1','0') NOT NULL,
  customers_group_tax_exempt enum('0','1') NOT NULL,
  group_payment_allowed varchar(255) NOT NULL default '',
  group_shipment_allowed varchar(255) NOT NULL default '',
  PRIMARY KEY  (customers_group_id)
) ENGINE=MyISAM ;

# 
# Dumping data for table 'customers_groups'
# 

INSERT INTO customers_groups (customers_group_id, customers_group_name, customers_group_show_tax, customers_group_tax_exempt, group_payment_allowed, group_shipment_allowed) VALUES 
(0, 'Retail', '1', '0', '', ''),
(1, 'Wholesale', '1', '0', '', '');

# --------------------------------------------------------

# 
# Table structure for table 'customers_info'
# 

CREATE TABLE customers_info (
  customers_info_id int(11) NOT NULL,
  customers_info_date_of_last_logon datetime default NULL,
  customers_info_number_of_logons int(5) default NULL,
  customers_info_date_account_created datetime default NULL,
  customers_info_date_account_last_modified datetime default NULL,
  global_product_notifications int(1) default '0',
  PRIMARY KEY  (customers_info_id)
) ENGINE=MyISAM ;

# 
# Dumping data for table 'customers_info'
# 

INSERT INTO customers_info (customers_info_id, customers_info_date_of_last_logon, customers_info_number_of_logons, customers_info_date_account_created, customers_info_date_account_last_modified, global_product_notifications) VALUES 
(0, NULL, 0, '2006-07-30 02:26:07', NULL, 0),
(5, '2007-05-22 23:26:39', 36, '2006-08-03 03:27:04', '2006-08-15 00:22:02', 0);

# --------------------------------------------------------

# 
# Table structure for table 'featured'
# 

CREATE TABLE featured (
  featured_id int(11) NOT NULL auto_increment,
  products_id int(11) NOT NULL default '0',
  featured_date_added datetime default NULL,
  featured_last_modified datetime default NULL,
  expires_date datetime default NULL,
  date_status_change datetime default NULL,
  `status` int(1) default '1',
  PRIMARY KEY  (featured_id)
) ENGINE=MyISAM  ;

# 
# Dumping data for table 'featured'
# 

INSERT INTO featured (featured_id, products_id, featured_date_added, featured_last_modified, expires_date, date_status_change, status) VALUES 
(1, 8, '2006-07-31 23:45:05', NULL, '0000-00-00 00:00:00', NULL, 1),
(2, 2, '2006-07-31 23:45:45', NULL, '0000-00-00 00:00:00', NULL, 1),
(3, 3, '2006-08-01 20:33:50', NULL, '0000-00-00 00:00:00', NULL, 1),
(8, 35, '2006-08-21 15:36:50', NULL, '0000-00-00 00:00:00', NULL, 1),
(5, 5, '2006-08-05 23:41:34', NULL, '0000-00-00 00:00:00', NULL, 1),
(6, 6, '2006-08-05 23:41:42', NULL, '0000-00-00 00:00:00', NULL, 1),
(7, 29, '2006-08-21 15:36:08', NULL, '0000-00-00 00:00:00', NULL, 1);

# --------------------------------------------------------

# 
# Table structure for table 'geo_zones'
# 

CREATE TABLE geo_zones (
  geo_zone_id int(11) NOT NULL auto_increment,
  geo_zone_name varchar(32) NOT NULL,
  geo_zone_description varchar(255) NOT NULL,
  last_modified datetime default NULL,
  date_added datetime NOT NULL,
  PRIMARY KEY  (geo_zone_id)
) ENGINE=MyISAM  ;

# 
# Dumping data for table 'geo_zones'
# 

INSERT INTO geo_zones (geo_zone_id, geo_zone_name, geo_zone_description, last_modified, date_added) VALUES 
(1, 'Washington', 'Washington local sales tax zone', '2006-07-23 12:10:12', '2006-07-05 23:28:08');

# --------------------------------------------------------

# 
# Table structure for table 'languages'
# 

CREATE TABLE languages (
  languages_id int(11) NOT NULL auto_increment,
  `name` varchar(32) NOT NULL,
  `code` char(2) NOT NULL,
  image varchar(64) default NULL,
  `directory` varchar(32) default NULL,
  sort_order int(3) default NULL,
  PRIMARY KEY  (languages_id),
  KEY IDX_LANGUAGES_NAME (`name`)
) ENGINE=MyISAM  ;

# 
# Dumping data for table 'languages'
# 

INSERT INTO languages (languages_id, name, code, image, directory, sort_order) VALUES 
(1, 'English', 'en', 'icon.gif', 'english', 1);

# --------------------------------------------------------

# 
# Table structure for table 'manufacturers'
# 

CREATE TABLE manufacturers (
  manufacturers_id int(11) NOT NULL auto_increment,
  manufacturers_name varchar(32) NOT NULL,
  manufacturers_image varchar(64) default NULL,
  date_added datetime default NULL,
  last_modified datetime default NULL,
  PRIMARY KEY  (manufacturers_id),
  KEY IDX_MANUFACTURERS_NAME (manufacturers_name)
) ENGINE=MyISAM  ;

# 
# Dumping data for table 'manufacturers'
# 

INSERT INTO manufacturers (manufacturers_id, manufacturers_name, manufacturers_image, date_added, last_modified) VALUES 
(3, 'Warner', 'manufacturer_warner.gif', '2006-07-05 23:28:08', '2006-08-08 15:33:41'),
(10, 'Apple', 'manufacturer_apple.gif', '2006-08-05 23:02:41', '2006-08-08 15:28:02'),
(11, '20th Century Fox', 'manufacturer_fox.gif', '2006-08-05 23:03:57', '2006-08-08 15:33:24');

# --------------------------------------------------------

# 
# Table structure for table 'manufacturers_info'
# 

CREATE TABLE manufacturers_info (
  manufacturers_id int(11) NOT NULL,
  languages_id int(11) NOT NULL,
  manufacturers_url varchar(255) NOT NULL,
  url_clicked int(5) NOT NULL default '0',
  date_last_click datetime default NULL,
  manufacturers_htc_title_tag varchar(80) default NULL,
  manufacturers_htc_desc_tag longtext,
  manufacturers_htc_keywords_tag longtext,
  manufacturers_htc_description longtext,
  PRIMARY KEY  (manufacturers_id,languages_id)
) ENGINE=MyISAM ;

# 
# Dumping data for table 'manufacturers_info'
# 

INSERT INTO manufacturers_info (manufacturers_id, languages_id, manufacturers_url, url_clicked, date_last_click, manufacturers_htc_title_tag, manufacturers_htc_desc_tag, manufacturers_htc_keywords_tag, manufacturers_htc_description) VALUES 
(3, 1, 'http://www.warner.com', 0, NULL, 'Warner', 'Warner', 'Warner', ''),
(10, 1, 'www.apple.com', 0, NULL, 'Apple Computer', 'Apple Computer', 'Apple Computer', ''),
(11, 1, '', 0, NULL, '20th Century Fox', '20th Century Fox', '20th Century Fox', '');

# --------------------------------------------------------

# 
# Table structure for table 'newsletters'
# 

CREATE TABLE newsletters (
  newsletters_id int(11) NOT NULL auto_increment,
  title varchar(255) NOT NULL,
  content text NOT NULL,
  module varchar(255) NOT NULL,
  date_added datetime NOT NULL,
  date_sent datetime default NULL,
  `status` int(1) default NULL,
  locked int(1) default '0',
  PRIMARY KEY  (newsletters_id)
) ENGINE=MyISAM ;

# 
# Dumping data for table 'newsletters'
# 


# --------------------------------------------------------

# 
# Table structure for table 'orders'
# 

CREATE TABLE orders (
  orders_id int(11) NOT NULL auto_increment,
  customers_id int(11) NOT NULL,
  customers_name varchar(64) NOT NULL,
  customers_company varchar(32) default NULL,
  customers_street_address varchar(64) NOT NULL,
  customers_suburb varchar(32) default NULL,
  customers_city varchar(32) NOT NULL,
  customers_postcode varchar(10) NOT NULL,
  customers_state varchar(32) default NULL,
  customers_country varchar(32) NOT NULL,
  customers_telephone varchar(32) NOT NULL,
  customers_email_address varchar(96) NOT NULL,
  customers_address_format_id int(5) NOT NULL,
  delivery_name varchar(64) NOT NULL,
  delivery_company varchar(32) default NULL,
  delivery_street_address varchar(64) NOT NULL,
  delivery_suburb varchar(32) default NULL,
  delivery_city varchar(32) NOT NULL,
  delivery_postcode varchar(10) NOT NULL,
  delivery_state varchar(32) default NULL,
  delivery_country varchar(32) NOT NULL,
  delivery_address_format_id int(5) NOT NULL,
  billing_name varchar(64) NOT NULL,
  billing_company varchar(32) default NULL,
  billing_street_address varchar(64) NOT NULL,
  billing_suburb varchar(32) default NULL,
  billing_city varchar(32) NOT NULL,
  billing_postcode varchar(10) NOT NULL,
  billing_state varchar(32) default NULL,
  billing_country varchar(32) NOT NULL,
  billing_address_format_id int(5) NOT NULL,
  payment_method varchar(32) NOT NULL,
  cc_type varchar(20) default NULL,
  cc_owner varchar(64) default NULL,
  cc_number varchar(32) default NULL,
  cc_expires varchar(4) default NULL,
  last_modified datetime default NULL,
  date_purchased datetime default NULL,
  orders_status int(5) NOT NULL,
  orders_date_finished datetime default NULL,
  currency char(3) default NULL,
  currency_value decimal(14,6) default NULL,
  shipping_tax decimal(7,4) NOT NULL default '0.0000',
  PRIMARY KEY  (orders_id)
) ENGINE=MyISAM ;

# 
# Dumping data for table 'orders'
# 


# --------------------------------------------------------

# 
# Table structure for table 'orders_products'
# 

CREATE TABLE orders_products (
  orders_products_id int(11) NOT NULL auto_increment,
  orders_id int(11) NOT NULL,
  products_id int(11) NOT NULL,
  products_model varchar(12) default NULL,
  products_name varchar(64) NOT NULL,
  products_price decimal(15,4) NOT NULL,
  final_price decimal(15,4) NOT NULL,
  products_tax decimal(7,4) NOT NULL,
  products_quantity int(2) NOT NULL,
  products_stock_attributes varchar(255) default NULL,
  PRIMARY KEY  (orders_products_id)
) ENGINE=MyISAM ;

# 
# Dumping data for table 'orders_products'
# 


# --------------------------------------------------------

# 
# Table structure for table 'orders_products_attributes'
# 

CREATE TABLE orders_products_attributes (
  orders_products_attributes_id int(11) NOT NULL auto_increment,
  orders_id int(11) NOT NULL,
  orders_products_id int(11) NOT NULL,
  products_options varchar(32) NOT NULL,
  products_options_values varchar(32) NOT NULL,
  options_values_price decimal(15,4) NOT NULL,
  price_prefix char(1) NOT NULL,
  PRIMARY KEY  (orders_products_attributes_id)
) ENGINE=MyISAM ;

# 
# Dumping data for table 'orders_products_attributes'
# 


# --------------------------------------------------------

# 
# Table structure for table 'orders_products_download'
# 

CREATE TABLE orders_products_download (
  orders_products_download_id int(11) NOT NULL auto_increment,
  orders_id int(11) NOT NULL default '0',
  orders_products_id int(11) NOT NULL default '0',
  orders_products_filename varchar(255) NOT NULL default '',
  download_maxdays int(2) NOT NULL default '0',
  download_count int(2) NOT NULL default '0',
  PRIMARY KEY  (orders_products_download_id)
) ENGINE=MyISAM ;

# 
# Dumping data for table 'orders_products_download'
# 


# --------------------------------------------------------

# 
# Table structure for table 'orders_status'
# 

CREATE TABLE orders_status (
  orders_status_id int(11) NOT NULL default '0',
  language_id int(11) NOT NULL default '1',
  orders_status_name varchar(32) NOT NULL,
  PRIMARY KEY  (orders_status_id,language_id),
  KEY idx_orders_status_name (orders_status_name)
) ENGINE=MyISAM ;

# 
# Dumping data for table 'orders_status'
# 

INSERT INTO orders_status (orders_status_id, language_id, orders_status_name) VALUES 
(1, 1, 'Pending'),
(2, 1, 'Processing'),
(3, 1, 'Delivered'),
(4, 1, 'Preparing [PayPal IPN]');

# --------------------------------------------------------

# 
# Table structure for table 'orders_status_history'
# 

CREATE TABLE orders_status_history (
  orders_status_history_id int(11) NOT NULL auto_increment,
  orders_id int(11) NOT NULL,
  orders_status_id int(5) NOT NULL,
  date_added datetime NOT NULL,
  customer_notified int(1) default '0',
  comments text,
  PRIMARY KEY  (orders_status_history_id)
) ENGINE=MyISAM ;

# 
# Dumping data for table 'orders_status_history'
# 


# --------------------------------------------------------

# 
# Table structure for table 'orders_total'
# 

CREATE TABLE orders_total (
  orders_total_id int(10) unsigned NOT NULL auto_increment,
  orders_id int(11) NOT NULL,
  title varchar(255) NOT NULL,
  `text` varchar(255) NOT NULL,
  `value` decimal(15,4) NOT NULL,
  class varchar(32) NOT NULL,
  sort_order int(11) NOT NULL,
  PRIMARY KEY  (orders_total_id),
  KEY idx_orders_total_orders_id (orders_id)
) ENGINE=MyISAM  ;

# 
# Dumping data for table 'orders_total'
# 

INSERT INTO orders_total (orders_total_id, orders_id, title, text, value, class, sort_order) VALUES 
(11, 0, 'Sub-Total:', '$79.99', 79.9900, 'ot_subtotal', 1);

# --------------------------------------------------------

# 
# Table structure for table 'packaging'
# 

CREATE TABLE packaging (
  package_id int(11) NOT NULL auto_increment,
  package_name varchar(64) NOT NULL,
  package_description varchar(255) NOT NULL,
  package_length decimal(6,2) NOT NULL default '5.00',
  package_width decimal(6,2) NOT NULL default '5.00',
  package_height decimal(6,2) NOT NULL default '5.00',
  package_empty_weight decimal(6,2) NOT NULL default '0.00',
  package_max_weight decimal(6,2) NOT NULL default '50.00',
  package_cost int(5) NOT NULL,
  PRIMARY KEY  (package_id)
) ENGINE=MyISAM ;

# 
# Dumping data for table 'packaging'
# 


# --------------------------------------------------------

# 
# Table structure for table 'pages'
# 

CREATE TABLE pages (
  pages_id int(11) NOT NULL auto_increment,
  pages_name varchar(32) NOT NULL default '',
  pages_image varchar(64) NOT NULL default '',
  sort_order int(3) NOT NULL default '0',
  pages_status tinyint(1) NOT NULL default '0',
  PRIMARY KEY  (pages_id)
) ENGINE=MyISAM  ;

# 
# Dumping data for table 'pages'
# 

INSERT INTO pages (pages_id, pages_name, pages_image, sort_order, pages_status) VALUES 
(1, 'home', '', -100, 1),
(2, 'contact_us', '', -100, 1),
(3, 'shipping', '', 1, 1),
(4, 'conditions', '', 3, 1),
(5, 'privacy', '', 2, 1),
(8, 'gv_faq', '', -100, 1),
(9, 'sitemap', '', 0, 1);

# --------------------------------------------------------

# 
# Table structure for table 'pages_description'
# 

CREATE TABLE pages_description (
  pages_id int(11) NOT NULL default '0',
  language_id int(11) NOT NULL default '0',
  pages_title varchar(255) NOT NULL default '',
  pages_body text NOT NULL,
  PRIMARY KEY  (pages_id,language_id)
) ENGINE=MyISAM ;

# 
# Dumping data for table 'pages_description'
# 

INSERT INTO pages_description (pages_id, language_id, pages_title, pages_body) VALUES 
(1, 1, 'Home Page', '<table border="0" cellspacing="5" cellpadding="5" width="100%">\r\n	<tr><td class="main" width="65%" valign="top">\r\n	<strong>A little about EosC 2.2</strong>\r\n       <p> <b><font color="red">Before you do anything else login to the <a href="admin/">admin</a>, click on My Account and change the default info and password. Now. Right now. Really. Do it right now. I can wait...</font></b>  </p>\r\n       <p> All done? Alrighty then!  </p>\r\n	<p> Evolve Networks has worked hard to make this store as full featured and easy to use as possible. The 2.x edition was created with speed and extensibility in mind and, as such, doesn&#39;t follow the general trend in loaded osCommerce distributions of trying to be all things to every merchant.  </p>\r\n	<p> This edition contains only the contributions and tweaks we feel are necessary for a full featured cart that&#39;s not so far away from a stock osCommerce install as to be mind-numbingly difficult to modify.</p>\r\n	<p> In fact this edition is about as loaded as it''s going to get in order to ensure being able to modify it''s functionality and display with as little effort as possible. Evolve uses this edition as the base install for our customers. Updates to this edition will be of the speed, bug and security type only. The rest is up to you! :)\r\n	<p> EosC 2.2 comes with no strings attached. You&#39;re free to modify the template, graphics or code and redistribute it as you like as provided by the GPL.</p>\r\n	<p> Support is offered to Evolve Networks clients only. If you&#39;re not currently an Evolve customer but would like support please visit <a href="http://www.e-osc.com/">http://www.e-osc.com/</a> </p>\r\n	<p> Also be sure to stop by the osCommerce site and thank them and all the contributors for the 1000&#39;s of hours of work involved collectively in making this the best shopping cart software available!\r\n	<p> Thanks and have fun!<br /> \r\n	<a href="http://e.volve.net">Evolve Networks</a>    </p>\r\n	</td><td class="main" width="35%" valign="top"> \r\n	<strong>Installed Contributions</strong> \r\n	<p> \r\n	<li>Admin Access Levels </li>\r\n	<li>Attribute Manager &amp; Sort </li>\r\n	<li>Authorize.net AIM </li>\r\n	<li>Cart In Header </li>\r\n	<li>Coupons & Vouchers </li>\r\n	<li>Credit Card Mask </li>\r\n	<li>Cross Sell Products </li>\r\n	<li>Drop Down Button In Cart </li>\r\n	<li>Email Confirmation Field </li>\r\n	<li>Email Invoice Template </li>\r\n	<li>Featured Products </li>\r\n	<li>Header Tags Controller </li>\r\n	<li>Improved Invoice </li>\r\n	<li>LinkPoint API </li>\r\n	<li>Monthly Sales & Tax </li>\r\n	<li>Newsletters &amp; Subscribers </li>\r\n	<li>Order Editor </li>\r\n	<li>Page Editor </li>\r\n	<li>PayPal IPN </li>\r\n	<li>Product Listing Columns </li>\r\n	<li>Product Short Descriptions </li>\r\n	<li>Product Tabs & Standard Views </li>\r\n	<li>Quantity Tracker Pro </li>\r\n	<li>Register Globals Off</li>\r\n	<li>Review Approval System </li>\r\n	<li>Reviews In Product Display </li>\r\n	<li>Separate Price Per Customer </li>\r\n	<li>Shipping Estimator </li>\r\n       <li>Site Map </li>\r\n	<li>STS - Simple Template System </li>\r\n	<li>TinyMCE HTML Editor </li>\r\n	<li>Ultimate SEO URLs</li>\r\n	<li>Ultra Pics </li>\r\n	<li>UPS, USPS & FedEx Shipping </li>\r\n	<li>Whos Online Enhancement </li>\r\n	<li>PHP4/5 & mySQL 4/5 Ready</li>\r\n	<li> + many more tweaks :P  </li>\r\n</td></tr></table>'),
(2, 1, 'Contact Us', 'Place your Contact Us information here.'),
(3, 1, 'Shipping & Returns', 'Place your Shipping and Returns information here.'),
(4, 1, 'Conditions of Use', 'Put your Terms and Conditions information here.'),
(5, 1, 'Privacy Notice', 'Place your Privacy Notice information here.'),
(8, 1, 'Gift Voucher FAQ', 'You''ve got questions? We''ve got answers!'),
(9, 1, 'Site Map', '');

# --------------------------------------------------------

# 
# Table structure for table 'products'
# 

CREATE TABLE products (
  products_id int(11) NOT NULL auto_increment,
  products_quantity int(4) NOT NULL,
  products_model varchar(12) default NULL,
  products_image varchar(64) default NULL,
  products_image_med varchar(64) default NULL,
  products_image_lrg varchar(64) default NULL,
  products_image_sm_1 varchar(64) default NULL,
  products_image_xl_1 varchar(64) default NULL,
  products_image_sm_2 varchar(64) default NULL,
  products_image_xl_2 varchar(64) default NULL,
  products_image_sm_3 varchar(64) default NULL,
  products_image_xl_3 varchar(64) default NULL,
  products_image_sm_4 varchar(64) default NULL,
  products_image_xl_4 varchar(64) default NULL,
  products_image_sm_5 varchar(64) default NULL,
  products_image_xl_5 varchar(64) default NULL,
  products_image_sm_6 varchar(64) default NULL,
  products_image_xl_6 varchar(64) default NULL,
  products_price decimal(15,4) NOT NULL,
  products_date_added datetime NOT NULL,
  products_last_modified datetime default NULL,
  products_date_available datetime default NULL,
  products_weight decimal(5,2) NOT NULL,
  products_status tinyint(1) NOT NULL,
  products_tax_class_id int(11) NOT NULL,
  manufacturers_id int(11) default NULL,
  products_ordered int(11) NOT NULL default '0',
  products_length decimal(6,2) NOT NULL default '12.00',
  products_width decimal(6,2) NOT NULL default '12.00',
  products_height decimal(6,2) NOT NULL default '12.00',
  products_ready_to_ship int(1) NOT NULL default '0',
  PRIMARY KEY  (products_id),
  KEY idx_products_date_added (products_date_added)
) ENGINE=MyISAM  ;

# 
# Dumping data for table 'products'
# 

INSERT INTO products (products_id, products_quantity, products_model, products_image, products_image_med, products_image_lrg, products_image_sm_1, products_image_xl_1, products_image_sm_2, products_image_xl_2, products_image_sm_3, products_image_xl_3, products_image_sm_4, products_image_xl_4, products_image_sm_5, products_image_xl_5, products_image_sm_6, products_image_xl_6, products_price, products_date_added, products_last_modified, products_date_available, products_weight, products_status, products_tax_class_id, manufacturers_id, products_ordered, products_length, products_width, products_height, products_ready_to_ship) VALUES 
(6, 9, 'DVD-MATR', 'matrix-s.jpg', 'matrix-m.jpg', 'matrix-big.jpg', NULL, NULL, NULL, NULL, NULL, NULL, NULL, NULL, NULL, NULL, NULL, NULL, 19.9900, '2006-07-05 23:28:08', '2006-09-23 15:25:46', NULL, 1.00, 1, 1, 3, 1, 12.00, 12.00, 12.00, 0),
(29, 9, 'DVD-FC', 'fightclub-s.jpg', 'FightClub-m.jpg', 'FightClub-b.jpg', 'fightclub.jpg', NULL, '000127-fightclub.jpg', NULL, NULL, NULL, NULL, NULL, NULL, NULL, NULL, NULL, 24.9900, '2006-08-05 02:23:16', '2006-08-31 00:15:42', NULL, 1.00, 1, 1, 11, 1, 12.00, 12.00, 12.00, 0),
(30, 100, 'MacBook 13-B', 'macbook-s.gif', 'macbook-m.jpg', 'macbook-b.jpg', NULL, NULL, NULL, NULL, NULL, NULL, NULL, NULL, NULL, NULL, NULL, NULL, 1499.0000, '2006-08-05 13:45:57', '2006-08-14 13:25:56', NULL, 23.00, 1, 1, 10, 0, 12.00, 12.00, 12.00, 0),
(31, 17, 'DVD-BLDRNDC', 'BladeRunner-s.jpg', 'BladeRunner-m.jpg', 'BladeRunner-b.jpg', 'BladeRunner-TheDirectorsCut_F06s.jpg', 'BladeRunner-TheDirectorsCut_F06x.jpg', 'BladeRunner-TheDirectorsCut_F02s.jpg', 'BladeRunner-TheDirectorsCut_F02x.jpg', 'BladeRunner-TheDirectorsCut_F05s.jpg', 'BladeRunner-TheDirectorsCut_F05x.jpg', '', '', '', '', '', '', 35.9900, '2006-08-20 18:10:51', NULL, '0000-00-00 00:00:00', 1.00, 0, 1, 3, 0, 12.00, 12.00, 12.00, 0),
(32, 9, 'DVD-MATR', 'matrix-s.jpg', 'matrix-m.jpg', 'matrix-b.jpg', '', '', '', '', '', '', '', '', '', '', '', '', 39.9900, '2006-08-20 18:12:10', NULL, '0000-00-00 00:00:00', 1.00, 0, 1, 3, 0, 12.00, 12.00, 12.00, 0),
(33, 9, 'DVD-MATR', 'matrix-s.jpg', 'matrix-m.jpg', 'matrix-b.jpg', '', '', '', '', '', '', '', '', '', '', '', '', 39.9900, '2006-08-20 18:27:32', NULL, '0000-00-00 00:00:00', 1.00, 0, 1, 3, 0, 12.00, 12.00, 12.00, 0),
(35, 17, 'DVD-BLDRNDC', 'BladeRunner-s.jpg', 'BladeRunner-m.jpg', 'BladeRunner-b.jpg', 'BladeRunner-TheDirectorsCut_F06s.jpg', 'BladeRunner-TheDirectorsCut_F06x.jpg', 'BladeRunner-TheDirectorsCut_F02s.jpg', 'BladeRunner-TheDirectorsCut_F02x.jpg', 'BladeRunner-TheDirectorsCut_F05s.jpg', 'BladeRunner-TheDirectorsCut_F05x.jpg', '', '', '', '', '', '', 35.9900, '2006-08-20 18:52:15', '2006-08-22 01:40:05', NULL, 1.00, 1, 1, 3, 0, 12.00, 12.00, 12.00, 0);

# --------------------------------------------------------

# 
# Table structure for table 'products_attributes'
# 

CREATE TABLE products_attributes (
  products_attributes_id int(11) NOT NULL auto_increment,
  products_id int(11) NOT NULL,
  options_id int(11) NOT NULL,
  options_values_id int(11) NOT NULL,
  options_values_price decimal(15,4) NOT NULL,
  price_prefix char(1) NOT NULL,
  attribute_sort int(10) unsigned NOT NULL default '0',
  PRIMARY KEY  (products_attributes_id)
) ENGINE=MyISAM  ;

# 
# Dumping data for table 'products_attributes'
# 

INSERT INTO products_attributes (products_attributes_id, products_id, options_id, options_values_id, options_values_price, price_prefix, attribute_sort) VALUES 
(96, 30, 4, 4, 750.0000, '+', 3),
(95, 30, 4, 3, 500.0000, '+', 2),
(94, 30, 4, 2, 300.0000, '+', 1),
(93, 30, 4, 1, 0.0000, '+', 0);

# --------------------------------------------------------

# 
# Table structure for table 'products_attributes_download'
# 

CREATE TABLE products_attributes_download (
  products_attributes_id int(11) NOT NULL,
  products_attributes_filename varchar(255) NOT NULL default '',
  products_attributes_maxdays int(2) default '0',
  products_attributes_maxcount int(2) default '0',
  PRIMARY KEY  (products_attributes_id)
) ENGINE=MyISAM ;

# 
# Dumping data for table 'products_attributes_download'
# 

INSERT INTO products_attributes_download (products_attributes_id, products_attributes_filename, products_attributes_maxdays, products_attributes_maxcount) VALUES 
(26, 'unreal.zip', 7, 3);

# --------------------------------------------------------

# 
# Table structure for table 'products_description'
# 

CREATE TABLE products_description (
  products_id int(11) NOT NULL auto_increment,
  language_id int(11) NOT NULL default '1',
  products_name varchar(64) NOT NULL default '',
  products_description text,
  products_spec text,
  products_url varchar(255) default NULL,
  products_viewed int(5) default '0',
  products_head_title_tag varchar(80) default NULL,
  products_head_desc_tag longtext,
  products_head_keywords_tag longtext,
  PRIMARY KEY  (products_id,language_id),
  KEY products_name (products_name)
) ENGINE=MyISAM  ;

# 
# Dumping data for table 'products_description'
# 

INSERT INTO products_description (products_id, language_id, products_name, products_description, products_spec, products_url, products_viewed, products_head_title_tag, products_head_desc_tag, products_head_keywords_tag) VALUES 
(29, 1, 'Fight Club', 'Brad Pitt (Seven, Mr & Mrs Smith) and Edward Norton (Kingdom of Heaven, The 25th Hour) deliver knockout performances in this stunningly original, darkly comic film from David Fincher, the director of Seven.\r\n\r\nNorton stars as Jack, a chronic insomniac desperate to escape his excruciatingly boring life. That''s when he meets Tyler Durden (Pitt), a charismatic soap salesman with a twisted philosophy. Tyler believes self-improvement is for the weak - it''s self-destruction that really makes life worth living. \r\n\r\nBefore long, Jack and Tyler are beating each other to a pulp in a bar parking lot, a cathartic slugfest that delivers the ultimate high. To introduce other men to the simple joys of physical violence, Jack and Tyler form a secret Fight Club that becomes wildly successful. \r\n\r\nBut there''s a shocking surprise waiting for Jack that will change everything...', 'Actors: Edward Norton, Brad Pitt, Helena Bonham Carter, Meat Loaf, Zach Grenier\r\nDirectors: David Fincher\r\nFormat: Anamorphic, Closed-captioned, Collector''s Edition, Dubbed, Subtitled, THX, NTSC\r\nLanguage: English, French\r\nRegion: Region 1 (U.S. and Canada only. Read more about DVD formats.)\r\nAspect Ratio: 2.35:1\r\nNumber of discs: 2\r\nRating  \r\nStudio: 20th Century Fox\r\nDVD Release Date: June 6, 2000\r\nRun Time: 139 minutes\r\n\r\nDVD Features:\r\nAvailable Subtitles: English, French\r\nAvailable Audio Tracks: English (Dolby Digital 5.1), English (Dolby Digital 2.0 Surround), French (Dolby Digital 2.0 Surround)\r\nCommentary by: director David FincherDolby Digital 2.0,actor Brad PittDolby Digital 2.0,ComposersDolby Digital 2.0,Helena Bonham CarterDolby Digital 2.0,Edward NortonDolby Digital 2.0\r\nFive Deleted Scenes and Outtakes\r\nStill Galleries: Set Design Stills, Costume Stills, Original sketches, Oil paintings, Storyboards, Publicity stills, Lobby cards & Production Stills\r\n17 behind-the-scenes vignettes\r\nMaking-Of Fight Club\r\nTHX Optimode', '', 282, 'Fight Club DVD', 'Fight Club', 'Fight Club'),
(6, 1, 'The Matrix', 'By following up their debut thriller Bound with the 1999 box-office smash The Matrix, the codirecting Wachowski brothers--Andy and Larry--annihilated any suggestion of a sophomore jinx, crafting one of the most exhilarating sci-fi/action movies of the 1990s.\r\n\r\nSet in the not too distant future in an insipid, characterless city, we find a young man named Neo (Keanu Reeves). A software techie by day and a computer hacker by night, he sits alone at home by his monitor, waiting for a sign, a signal--from what or whom he doesn''t know--until one night, a mysterious woman named Trinity (Carrie-Anne Moss) seeks him out and introduces him to that faceless character he has been waiting for: Morpheus (Laurence Fishburne). \r\n\r\nA messiah of sorts, Morpheus presents Neo with the truth about his world by shedding light on the dark secrets that have troubled him for so long: "You''ve felt it your entire life, that there''s something wrong with the world. You don''t know what it is, but it''s there, like a splinter in your mind, driving you mad." \r\n\r\nUltimately, Morpheus illustrates to Neo what the Matrix is--a reality beyond reality that controls all of their lives, in a way that Neo can barely comprehend.', 'DVD Release: November 30th, 1999\r\nDVD Aspect Ratio: 2.35:1\r\nRegional Code: 2 (Japan, Europe, Middle East, South Africa).\r\nLanguages: English, Deutsch.\r\nSubtitles: English, Deutsch.\r\nAudio: Dolby Surround.\r\nPicture Format: 16:9 Wide-Screen.\r\nLength: (approx) 131 minutes.\r\nOther: Interactive Menus, Chapter Selection, Making Of.\r\nDVD Extras: Two Commentary Tracks, Documentary, DVD-ROM Features', 'www.thematrix.com', 328, 'The Matrix', 'DVD The Matrix', 'The Matrix'),
(30, 1, 'MacBook: Black 13 inch 2.0Ghz Intel Core Duo', 'Powered by the Intel Core Duo, built from ultratough polycarbonate, just 1.08 inches thin &mdash; MacBook combines performance and portability like never before.&nbsp; <div><span class="Apple-style-span" style="font-weight: bold"><br /></span></div><div><strong>Intel Core Duo</strong>&nbsp;</div><div>Built upon the revolutionary Intel Core Duo &mdash; with two processor cores on a single chip &mdash; MacBook leaves other consumer notebooks in the dust. It performs up to five times faster than the previous generation iBook without compromising on size or style.&nbsp; </div><div><br /></div><div><strong>Bright, widescreen experience</strong>&nbsp;</div><div>At 1280 by 800, the 13.3-inch glossy widescreen display delivers 30% more viewing area than the iBook or 12-inch PowerBook &mdash; perfect for movies and more. And the ultrabright LCD makes photos and graphics come alive with color. You can also connect your MacBook via the mini-DVI port to an external display and create twice the workspace.&nbsp; </div><div><br /></div><div><strong>Make the connection</strong>&nbsp;</div><div>Measuring just 1.08 inches thin, your MacBook still offers a full complement of ports and connections, including mini-DVI video, fast Gigabit Ethernet, and optical digital/analog audio. Plus you get the innovative MagSafe Power Adapter, a power cord that&#39;s held in place magnetically, so if someone should trip over it, the cable disconnects harmlessly and your MacBook stays put.</div><div><br /></div><div>13.3-inch widescreen display&nbsp;</div><div>1280 x 800 resolution&nbsp;</div><div>2.0GHz Intel Core Duo</div><div>512MB memory (2x256MB SODIMMs)&nbsp;</div><div>80GB 5400-rpm Serial ATA hard drive</div><div>SuperDrive (DVD&plusmn;RW, CD-RW)</div>', '', '', 418, 'MacBook Black', 'MacBook Black Intel Core Duo', 'Mac MacBook Intel Core Duo'),
(35, 1, 'Blade Runner - Director''s Cut', 'Early in the 21st Century, THE TYRELL CORPORATION advanced Robot evolution into the NEXUS phase # a being virtually identical to a human # known as a replicant. The NEXUS 6 Replicants were superior in strength and agility, and at least equal in intelligence, to the genetic engineers who created them.\r\n\r\nReplicants were used Off-world as slave labor, in the hazardous exploration and colonization of other planets. After a bloody mutiny by a NEXUS 6 combat team in an Off-world colony, Replicants were declared illegal on earth # under penalty of death. Special police squads # BLADE RUNNER UNITS # had orders to shoot to kill, upon detection, any trespassing Replicants.\r\n\r\nThis was not called execution.\r\nIt was called retirement.\r\n\r\nA number of replicants have made it to Earth, and ex-Blade Runner Rick Deckard (Harrison Ford) is coerced into tracking them down.', 'Regional Code: 2 (Japan, Europe, Middle East, South Africa).\r\nLanguages: English, Deutsch.\r\nSubtitles: English, Deutsch, Spanish.\r\nAudio: Dolby Surround 5.1.\r\nPicture Format: 16:9 Wide-Screen.\r\nLength: (approx) 112 minutes.\r\nOther: Interactive Menus, Chapter Selection, Subtitles (more languages).', 'www.bladerunner.com', 608, 'Blade Runner - Director''s Cut', 'Regional Code: 2 (Japan, Europe, Middle East, South Africa).Languages: English, Deutsch.Subtitles: English, Deutsch, Spanish.Audio: Dolby Surround 5.1.Picture Format: 16:9 Wide-Screen.Length: (approx) 112 minutes.Other: Intera', 'Blade Runner - Director''s Cut');

# --------------------------------------------------------

# 
# Table structure for table 'products_groups'
# 

CREATE TABLE products_groups (
  customers_group_id smallint(5) unsigned NOT NULL default '0',
  customers_group_price decimal(15,4) NOT NULL default '0.0000',
  products_id int(11) NOT NULL default '0',
  PRIMARY KEY  (customers_group_id,products_id)
) ENGINE=MyISAM ;

# 
# Dumping data for table 'products_groups'
# 

INSERT INTO products_groups (customers_group_id, customers_group_price, products_id) VALUES 
(1, 1299.0000, 30),
(1, 20.0000, 35);

# --------------------------------------------------------

# 
# Table structure for table 'products_notifications'
# 

CREATE TABLE products_notifications (
  products_id int(11) NOT NULL,
  customers_id int(11) NOT NULL,
  date_added datetime NOT NULL,
  PRIMARY KEY  (products_id,customers_id)
) ENGINE=MyISAM ;

# 
# Dumping data for table 'products_notifications'
# 

INSERT INTO products_notifications (products_id, customers_id, date_added) VALUES 
(0, 2, '2006-07-23 12:26:31'),
(0, 5, '2006-08-08 03:13:39');

# --------------------------------------------------------

# 
# Table structure for table 'products_options'
# 

CREATE TABLE products_options (
  products_options_id int(11) NOT NULL default '0',
  language_id int(11) NOT NULL default '1',
  products_options_name varchar(32) NOT NULL default '',
  products_options_track_stock tinyint(4) NOT NULL default '0',
  PRIMARY KEY  (products_options_id,language_id)
) ENGINE=MyISAM ;

# 
# Dumping data for table 'products_options'
# 

INSERT INTO products_options (products_options_id, language_id, products_options_name, products_options_track_stock) VALUES 
(1, 1, 'Color', 0),
(2, 1, 'Size', 0),
(3, 1, 'Model', 0),
(4, 1, 'Memory', 1),
(5, 1, 'Version', 0);

# --------------------------------------------------------

# 
# Table structure for table 'products_options_values'
# 

CREATE TABLE products_options_values (
  products_options_values_id int(11) NOT NULL default '0',
  language_id int(11) NOT NULL default '1',
  products_options_values_name varchar(64) NOT NULL default '',
  PRIMARY KEY  (products_options_values_id,language_id)
) ENGINE=MyISAM ;

# 
# Dumping data for table 'products_options_values'
# 

INSERT INTO products_options_values (products_options_values_id, language_id, products_options_values_name) VALUES 
(1, 1, '512 Mb'),
(2, 1, '1 Gb'),
(3, 1, '1.5 Gb'),
(4, 1, '2 Gb'),
(5, 1, 'Value'),
(6, 1, 'Premium'),
(7, 1, 'Deluxe'),
(8, 1, 'PS/2'),
(9, 1, 'USB'),
(10, 1, 'Download: Windows - English'),
(13, 1, 'Box: Windows - English');

# --------------------------------------------------------

# 
# Table structure for table 'products_options_values_to_products_options'
# 

CREATE TABLE products_options_values_to_products_options (
  products_options_values_to_products_options_id int(11) NOT NULL auto_increment,
  products_options_id int(11) NOT NULL,
  products_options_values_id int(11) NOT NULL,
  PRIMARY KEY  (products_options_values_to_products_options_id)
) ENGINE=MyISAM  ;

# 
# Dumping data for table 'products_options_values_to_products_options'
# 

INSERT INTO products_options_values_to_products_options (products_options_values_to_products_options_id, products_options_id, products_options_values_id) VALUES 
(1, 4, 1),
(2, 4, 2),
(3, 4, 3),
(4, 4, 4),
(5, 3, 5),
(6, 3, 6),
(7, 3, 7),
(8, 3, 8),
(9, 3, 9),
(10, 5, 10),
(13, 5, 13);

# --------------------------------------------------------

# 
# Table structure for table 'products_stock'
# 

CREATE TABLE products_stock (
  products_stock_id int(11) NOT NULL auto_increment,
  products_id int(11) NOT NULL default '0',
  products_stock_attributes varchar(255) NOT NULL,
  products_stock_quantity int(11) NOT NULL default '0',
  PRIMARY KEY  (products_stock_id),
  UNIQUE KEY idx_products_stock_attributes (products_id,products_stock_attributes)
) ENGINE=MyISAM  ;

# 
# Dumping data for table 'products_stock'
# 

INSERT INTO products_stock (products_stock_id, products_id, products_stock_attributes, products_stock_quantity) VALUES 
(1, 2, '4-4', 5),
(2, 2, '4-3', 100),
(3, 30, '4-1', 100);

# --------------------------------------------------------

# 
# Table structure for table 'products_to_categories'
# 

CREATE TABLE products_to_categories (
  products_id int(11) NOT NULL,
  categories_id int(11) NOT NULL,
  PRIMARY KEY  (products_id,categories_id)
) ENGINE=MyISAM ;

# 
# Dumping data for table 'products_to_categories'
# 

INSERT INTO products_to_categories (products_id, categories_id) VALUES 
(6, 3),
(29, 3),
(30, 1),
(35, 3);

# --------------------------------------------------------

# 
# Table structure for table 'products_xsell'
# 

CREATE TABLE products_xsell (
  ID int(10) NOT NULL auto_increment,
  products_id int(10) unsigned NOT NULL default '1',
  xsell_id int(10) unsigned NOT NULL default '1',
  sort_order int(10) unsigned NOT NULL default '1',
  PRIMARY KEY  (ID)
) ENGINE=MyISAM  ;

# 
# Dumping data for table 'products_xsell'
# 

INSERT INTO products_xsell (ID, products_id, xsell_id, sort_order) VALUES 
(1, 2, 16, 1),
(2, 2, 12, 2),
(3, 2, 24, 3),
(6, 29, 35, 1),
(7, 29, 6, 2);

# --------------------------------------------------------

# 
# Table structure for table 'reviews'
# 

CREATE TABLE reviews (
  reviews_id int(11) NOT NULL auto_increment,
  products_id int(11) NOT NULL,
  customers_id int(11) default NULL,
  customers_name varchar(64) NOT NULL,
  reviews_rating int(1) default NULL,
  date_added datetime default NULL,
  last_modified datetime default NULL,
  reviews_read int(5) NOT NULL default '0',
  approved tinyint(3) unsigned default '0',
  PRIMARY KEY  (reviews_id)
) ENGINE=MyISAM  ;

# 
# Dumping data for table 'reviews'
# 

INSERT INTO reviews (reviews_id, products_id, customers_id, customers_name, reviews_rating, date_added, last_modified, reviews_read, approved) VALUES 
(5, 30, 5, 'Evolve Networks', 5, '2006-08-05 17:07:47', '2006-08-05 23:07:04', 3, 1),
(4, 30, 5, 'Evolve Networks', 5, '2006-08-05 17:06:16', NULL, 7, 1);

# --------------------------------------------------------

# 
# Table structure for table 'reviews_description'
# 

CREATE TABLE reviews_description (
  reviews_id int(11) NOT NULL,
  languages_id int(11) NOT NULL,
  reviews_text text NOT NULL,
  PRIMARY KEY  (reviews_id,languages_id)
) ENGINE=MyISAM ;

# 
# Dumping data for table 'reviews_description'
# 

INSERT INTO reviews_description (reviews_id, languages_id, reviews_text) VALUES 
(4, 1, 'The new MacBooks are sensational! All black... smooooth!'),
(5, 1, 'Fast, sleek, elegant and a unix base. Everything a web dev could want. In fact this version of EosC was created on a Mac! Highly recommended!');

# --------------------------------------------------------

# 
# Table structure for table 'seo_google'
# 

CREATE TABLE seo_google (
  `date` datetime NOT NULL default '0000-00-00 00:00:00',
  search_url varchar(100) default NULL,
  search_term varchar(50) default NULL,
  rank int(4) default '0',
  sites_searched tinyint(4) default '0',
  show_results tinyint(4) default '0'
) ENGINE=MyISAM ;

# 
# Dumping data for table 'seo_google'
# 

INSERT INTO seo_google (date, search_url, search_term, rank, sites_searched, show_results) VALUES 
('2006-08-01 02:28:28', 'www.mysite.com', 'enter search word(s)', 99999, 10, 1);

# --------------------------------------------------------

# 
# Table structure for table 'seo_yahoo'
# 

CREATE TABLE seo_yahoo (
  `date` datetime NOT NULL default '0000-00-00 00:00:00',
  search_url varchar(100) default NULL,
  search_term varchar(50) default NULL,
  rank int(4) default '0',
  sites_searched tinyint(4) default '0',
  show_results tinyint(4) default '0'
) ENGINE=MyISAM ;

# 
# Dumping data for table 'seo_yahoo'
# 

INSERT INTO seo_yahoo (date, search_url, search_term, rank, sites_searched, show_results) VALUES 
('2006-08-01 02:28:28', 'www.mysite.com', 'enter search word(s)', 99999, 10, 1);

# --------------------------------------------------------

# 
# Table structure for table 'sessions'
# 

CREATE TABLE sessions (
  sesskey varchar(32) NOT NULL,
  expiry int(11) unsigned NOT NULL,
  `value` text NOT NULL,
  PRIMARY KEY  (sesskey)
) ENGINE=MyISAM ;

# 
# Dumping data for table 'sessions'
# 

INSERT INTO sessions (sesskey, expiry, value) VALUES 
('ca076e11f613ad6ab283158e87b1f7b7', 1179906304, 'cart|O:12:"shoppingCart":8:{s:8:"contents";a:3:{s:6:"30{4}1";a:2:{s:3:"qty";s:1:"1";s:10:"attributes";a:1:{i:4;s:1:"1";}}i:29;a:1:{s:3:"qty";s:1:"1";}i:35;a:1:{s:3:"qty";s:1:"1";}}s:5:"total";d:1343.990000000000009094947017729282379150390625;s:6:"weight";d:25;s:6:"cartID";N;s:12:"content_type";s:8:"physical";s:13:"total_virtual";d:1343.990000000000009094947017729282379150390625;s:5:"cg_id";s:1:"1";s:14:"weight_virtual";d:3174;}language|s:7:"english";languages_id|s:1:"1";currency|s:3:"USD";navigation|O:17:"navigationHistory":2:{s:4:"path";a:7:{i:0;a:4:{s:4:"page";s:11:"account.php";s:4:"mode";s:3:"SSL";s:3:"get";a:0:{}s:4:"post";a:0:{}}i:1;a:4:{s:4:"page";s:16:"address_book.php";s:4:"mode";s:3:"SSL";s:3:"get";a:0:{}s:4:"post";a:0:{}}i:2;a:4:{s:4:"page";s:24:"address_book_process.php";s:4:"mode";s:3:"SSL";s:3:"get";a:1:{s:4:"edit";s:1:"5";}s:4:"post";a:12:{s:9:"firstname";s:6:"Evolve";s:8:"lastname";s:8:"Networks";s:7:"company";s:15:"Evolve Networks";s:14:"company_tax_id";s:0:"";s:14:"street_address";s:12:"PO Box 23116";s:8:"postcode";s:5:"98102";s:4:"city";s:7:"Seattle";s:7:"zone_id";s:4:"3708";s:5:"state";s:0:"";s:7:"country";s:3:"230";s:6:"action";s:7:"refresh";s:4:"edit";s:1:"5";}}i:3;a:4:{s:4:"page";s:17:"shopping_cart.php";s:4:"mode";s:3:"SSL";s:3:"get";a:0:{}s:4:"post";a:0:{}}i:4;a:4:{s:4:"page";s:21:"checkout_shipping.php";s:4:"mode";s:3:"SSL";s:3:"get";a:0:{}s:4:"post";a:0:{}}i:5;a:4:{s:4:"page";s:9:"index.php";s:4:"mode";s:6:"NONSSL";s:3:"get";a:1:{s:5:"cPath";s:1:"3";}s:4:"post";a:0:{}}i:6;a:4:{s:4:"page";s:16:"product_info.php";s:4:"mode";s:6:"NONSSL";s:3:"get";a:2:{s:5:"cPath";s:1:"3";s:11:"products_id";s:2:"29";}s:4:"post";a:0:{}}}s:8:"snapshot";a:0:{}}sendto|s:1:"5";customer_id|s:1:"5";customer_default_address_id|s:1:"5";customer_first_name|s:6:"Evolve";sppc_customer_group_id|s:1:"1";sppc_customer_group_show_tax|i:1;sppc_customer_group_tax_exempt|i:0;customer_country_id|s:3:"223";customer_zone_id|s:4:"3675";cartID|N;'),
('4bfe80356eabb2f1981cf6f5f521cbc6', 1179936196, 'language|s:7:"english";languages_id|s:1:"1";selected_box|s:7:"catalog";login_id|s:1:"1";login_groups_id|s:1:"1";login_first_name|N;');

# --------------------------------------------------------

# 
# Table structure for table 'specials'
# 

CREATE TABLE specials (
  specials_id int(11) NOT NULL auto_increment,
  products_id int(11) NOT NULL,
  specials_new_products_price decimal(15,4) NOT NULL,
  specials_date_added datetime default NULL,
  specials_last_modified datetime default NULL,
  expires_date datetime default NULL,
  date_status_change datetime default NULL,
  `status` int(1) NOT NULL default '1',
  customers_group_id smallint(5) unsigned NOT NULL default '0',
  PRIMARY KEY  (specials_id)
) ENGINE=MyISAM  ;

# 
# Dumping data for table 'specials'
# 

INSERT INTO specials (specials_id, products_id, specials_new_products_price, specials_date_added, specials_last_modified, expires_date, date_status_change, status, customers_group_id) VALUES 
(7, 35, 30.0000, '2006-08-21 13:48:18', NULL, '0000-00-00 00:00:00', NULL, 1, 0);

# --------------------------------------------------------

# 
# Table structure for table 'specials_retail_prices'
# 

CREATE TABLE specials_retail_prices (
  products_id int(11) NOT NULL default '0',
  specials_new_products_price decimal(15,4) NOT NULL default '0.0000',
  `status` tinyint(4) default NULL,
  customers_group_id smallint(6) default NULL,
  PRIMARY KEY  (products_id)
) ENGINE=MyISAM ;

# 
# Dumping data for table 'specials_retail_prices'
# 

INSERT INTO specials_retail_prices (products_id, specials_new_products_price, status, customers_group_id) VALUES 
(35, 30.0000, 1, 0);

# --------------------------------------------------------

# 
# Table structure for table 'subscribers'
# 

CREATE TABLE subscribers (
  subscribers_id int(11) NOT NULL auto_increment,
  customers_id int(11) NOT NULL default '0',
  subscribers_email_address varchar(80) NOT NULL default '',
  subscribers_firstname varchar(40) default NULL,
  subscribers_lastname varchar(40) default NULL,
  `language` varchar(30) default NULL,
  subscribers_gender char(1) default NULL,
  subscribers_email_type varchar(5) default NULL,
  entry_date date default '0000-00-00',
  undeliverable_count mediumint(11) default '0',
  mail_details_customers_id int(5) default '0',
  list_number int(5) default '0',
  source_import varchar(70) default NULL,
  date_account_created datetime default '0000-00-00 00:00:00',
  date_account_last_modified datetime default '0000-00-00 00:00:00',
  customers_newsletter int(4) default NULL,
  subscribers_blacklist int(2) default '0',
  subscription_date datetime default '0000-00-00 00:00:00',
  status_sent1 int(2) default '0',
  host_name varchar(25) default NULL,
  hardiness_zone char(3) default NULL,
  PRIMARY KEY  (subscribers_id),
  KEY list_number (list_number)
) ENGINE=MyISAM ;

# 
# Dumping data for table 'subscribers'
# 


# --------------------------------------------------------

# 
# Table structure for table 'subscribers_default'
# 

CREATE TABLE subscribers_default (
  news_id int(11) NOT NULL auto_increment,
  module_subscribers varchar(255) NOT NULL default '',
  header text NOT NULL,
  date_added datetime NOT NULL default '0000-00-00 00:00:00',
  `status` tinyint(1) NOT NULL default '0',
  news_order int(2) NOT NULL default '0',
  unsubscribea longtext NOT NULL,
  unsubscribeb longtext NOT NULL,
  PRIMARY KEY  (news_id)
) ENGINE=MyISAM  ;

# 
# Dumping data for table 'subscribers_default'
# 

INSERT INTO subscribers_default (news_id, module_subscribers, header, date_added, status, news_order, unsubscribea, unsubscribeb) VALUES 
(1, 'Module newsletter_subscribers', '', '2002-11-28 09:31:06', 1, 0, 'You can unsubscribe from our newsletter here :', ''),
(2, 'Module newsletter', '', '2005-01-04 03:51:20', 1, 0, '<DIV>To be unsubscribe click here :</DIV>', '<DIV>Thank you</DIV>'),
(3, 'Module product_notification', '', '2005-01-04 03:53:10', 1, 0, '<DIV>Thanks for using our newsletter its been great.<br /><br />\r\nWe look forward to sending you next months newsletter<br /><br />\r\nTo unsubscribe please click the following :UNSUBSCRIBE AUTOMAGICALLY ADDED HERE</DIV>', '<DIV>All content Copyright &copy; us </DIV>');

# --------------------------------------------------------

# 
# Table structure for table 'subscribers_infos'
# 

CREATE TABLE subscribers_infos (
  news_id int(11) NOT NULL auto_increment,
  newsletters_id int(11) NOT NULL default '0',
  module_subscribers varchar(255) NOT NULL default '',
  header text NOT NULL,
  date_added datetime NOT NULL default '0000-00-00 00:00:00',
  `status` tinyint(1) NOT NULL default '0',
  news_order int(2) NOT NULL default '0',
  unsubscribea longtext NOT NULL,
  unsubscribeb longtext NOT NULL,
  PRIMARY KEY  (news_id)
) ENGINE=MyISAM ;

# 
# Dumping data for table 'subscribers_infos'
# 


# --------------------------------------------------------

# 
# Table structure for table 'subscribers_update'
# 

CREATE TABLE subscribers_update (
  newsletters_id int(11) NOT NULL auto_increment,
  title varchar(255) NOT NULL default '',
  content text NOT NULL,
  module varchar(255) NOT NULL default '',
  date_added datetime NOT NULL default '0000-00-00 00:00:00',
  date_sent datetime default NULL,
  `status` int(1) default NULL,
  locked int(1) default '0',
  `action` text NOT NULL,
  set_order int(2) NOT NULL default '0',
  PRIMARY KEY  (newsletters_id)
) ENGINE=MyISAM  ;

# 
# Dumping data for table 'subscribers_update'
# 

INSERT INTO subscribers_update (newsletters_id, title, content, module, date_added, date_sent, status, locked, action, set_order) VALUES 
(1, 'Update of the table of the Subscribers', 'Compare the table of the Members recorded on the site and the table of the anonymities having subscribed to the newsletter.', 'newsletter', '2002-11-27 15:13:25', '2002-11-27 15:13:25', 1, 1, 'update', 1),
(2, 'Update of the Names and First names', 'To update the whole of the data concerning the name and the first name modified by Customer Records', '', '2002-11-29 14:42:20', '2002-11-29 14:42:20', 1, 1, 'update', 2);

# --------------------------------------------------------

# 
# Table structure for table 'tax_class'
# 

CREATE TABLE tax_class (
  tax_class_id int(11) NOT NULL auto_increment,
  tax_class_title varchar(32) NOT NULL,
  tax_class_description varchar(255) NOT NULL,
  last_modified datetime default NULL,
  date_added datetime NOT NULL,
  PRIMARY KEY  (tax_class_id)
) ENGINE=MyISAM  ;

# 
# Dumping data for table 'tax_class'
# 

INSERT INTO tax_class (tax_class_id, tax_class_title, tax_class_description, last_modified, date_added) VALUES 
(1, 'Taxable Goods', 'The following types of products are included non-food, services, etc', '2006-07-05 23:28:08', '2006-07-05 23:28:08');

# --------------------------------------------------------

# 
# Table structure for table 'tax_rates'
# 

CREATE TABLE tax_rates (
  tax_rates_id int(11) NOT NULL auto_increment,
  tax_zone_id int(11) NOT NULL,
  tax_class_id int(11) NOT NULL,
  tax_priority int(5) default '1',
  tax_rate decimal(7,4) NOT NULL,
  tax_description varchar(255) NOT NULL,
  last_modified datetime default NULL,
  date_added datetime NOT NULL,
  PRIMARY KEY  (tax_rates_id)
) ENGINE=MyISAM  ;

# 
# Dumping data for table 'tax_rates'
# 

INSERT INTO tax_rates (tax_rates_id, tax_zone_id, tax_class_id, tax_priority, tax_rate, tax_description, last_modified, date_added) VALUES 
(1, 1, 1, 1, 8.2000, 'WA TAX 8.2%', '2006-07-23 12:11:05', '2006-07-05 23:28:08');

# --------------------------------------------------------

# 
# Table structure for table 'whos_online'
# 

CREATE TABLE whos_online (
  customer_id int(11) default NULL,
  full_name varchar(64) NOT NULL,
  session_id varchar(128) NOT NULL,
  ip_address varchar(15) NOT NULL,
  time_entry varchar(14) NOT NULL,
  time_last_click varchar(14) NOT NULL,
  last_page_url varchar(255) NOT NULL,
  http_referer varchar(255) NOT NULL,
  user_agent varchar(255) NOT NULL
) ENGINE=MyISAM ;

# 
# Dumping data for table 'whos_online'
# 

INSERT INTO whos_online (customer_id, full_name, session_id, ip_address, time_entry, time_last_click, last_page_url, http_referer, user_agent) VALUES 
(5, 'Evolve Networks', 'ca076e11f613ad6ab283158e87b1f7b7', '127.0.0.1', '1179904717', '1179904864', '/22_3/product_info.php?cPath=3&products_id=29', 'http://127.0.0.1/22_3/index.php?cPath=3', '');

# --------------------------------------------------------

# 
# Table structure for table 'zones'
# 

CREATE TABLE zones (
  zone_id int(11) NOT NULL auto_increment,
  zone_country_id int(11) NOT NULL,
  zone_code varchar(32) NOT NULL,
  zone_name varchar(32) NOT NULL,
  PRIMARY KEY  (zone_id)
) ENGINE=MyISAM  ;

# 
# Dumping data for table 'zones'
# 

INSERT INTO zones (zone_id, zone_country_id, zone_code, zone_name) VALUES 
(1, 1, 'BDS', 'Badakhshan'),
(2, 1, 'BDG', 'Badghis'),
(3, 1, 'BGL', 'Baghlan'),
(4, 1, 'BAL', 'Balkh'),
(5, 1, 'BAM', 'Bamian'),
(6, 1, 'FRA', 'Farah'),
(7, 1, 'FYB', 'Faryab'),
(8, 1, 'GHA', 'Ghazni'),
(9, 1, 'GHO', 'Ghowr'),
(10, 1, 'HEL', 'Helmand'),
(11, 1, 'HER', 'Herat'),
(12, 1, 'JOW', 'Jowzjan'),
(13, 1, 'KAB', 'Kabul'),
(14, 1, 'KAN', 'Kandahar'),
(15, 1, 'KAP', 'Kapisa'),
(16, 1, 'KHO', 'Khost'),
(17, 1, 'KNR', 'Konar'),
(18, 1, 'KDZ', 'Kondoz'),
(19, 1, 'LAG', 'Laghman'),
(20, 1, 'LOW', 'Lowgar'),
(21, 1, 'NAN', 'Nangrahar'),
(22, 1, 'NIM', 'Nimruz'),
(23, 1, 'NUR', 'Nurestan'),
(24, 1, 'ORU', 'Oruzgan'),
(25, 1, 'PIA', 'Paktia'),
(26, 1, 'PKA', 'Paktika'),
(27, 1, 'PAR', 'Parwan'),
(28, 1, 'SAM', 'Samangan'),
(29, 1, 'SAR', 'Sar-e Pol'),
(30, 1, 'TAK', 'Takhar'),
(31, 1, 'WAR', 'Wardak'),
(32, 1, 'ZAB', 'Zabol'),
(33, 2, 'BR', 'Berat'),
(34, 2, 'BU', 'Bulqize'),
(35, 2, 'DL', 'Delvine'),
(36, 2, 'DV', 'Devoll'),
(37, 2, 'DI', 'Diber'),
(38, 2, 'DR', 'Durres'),
(39, 2, 'EL', 'Elbasan'),
(40, 2, 'ER', 'Kolonje'),
(41, 2, 'FR', 'Fier'),
(42, 2, 'GJ', 'Gjirokaster'),
(43, 2, 'GR', 'Gramsh'),
(44, 2, 'HA', 'Has'),
(45, 2, 'KA', 'Kavaje'),
(46, 2, 'KB', 'Kurbin'),
(47, 2, 'KC', 'Kucove'),
(48, 2, 'KO', 'Korce'),
(49, 2, 'KR', 'Kruje'),
(50, 2, 'KU', 'Kukes'),
(51, 2, 'LB', 'Librazhd'),
(52, 2, 'LE', 'Lezhe'),
(53, 2, 'LU', 'Lushnje'),
(54, 2, 'MM', 'Malesi e Madhe'),
(55, 2, 'MK', 'Mallakaster'),
(56, 2, 'MT', 'Mat'),
(57, 2, 'MR', 'Mirdite'),
(58, 2, 'PQ', 'Peqin'),
(59, 2, 'PR', 'Permet'),
(60, 2, 'PG', 'Pogradec'),
(61, 2, 'PU', 'Puke'),
(62, 2, 'SH', 'Shkoder'),
(63, 2, 'SK', 'Skrapar'),
(64, 2, 'SR', 'Sarande'),
(65, 2, 'TE', 'Tepelene'),
(66, 2, 'TP', 'Tropoje'),
(67, 2, 'TR', 'Tirane'),
(68, 2, 'VL', 'Vlore'),
(69, 3, 'ADR', 'Adrar'),
(70, 3, 'ADE', 'Ain Defla'),
(71, 3, 'ATE', 'Ain Temouchent'),
(72, 3, 'ALG', 'Alger'),
(73, 3, 'ANN', 'Annaba'),
(74, 3, 'BAT', 'Batna'),
(75, 3, 'BEC', 'Bechar'),
(76, 3, 'BEJ', 'Bejaia'),
(77, 3, 'BIS', 'Biskra'),
(78, 3, 'BLI', 'Blida'),
(79, 3, 'BBA', 'Bordj Bou Arreridj'),
(80, 3, 'BOA', 'Bouira'),
(81, 3, 'BMD', 'Boumerdes'),
(82, 3, 'CHL', 'Chlef'),
(83, 3, 'CON', 'Constantine'),
(84, 3, 'DJE', 'Djelfa'),
(85, 3, 'EBA', 'El Bayadh'),
(86, 3, 'EOU', 'El Oued'),
(87, 3, 'ETA', 'El Tarf'),
(88, 3, 'GHA', 'Ghardaia'),
(89, 3, 'GUE', 'Guelma'),
(90, 3, 'ILL', 'Illizi'),
(91, 3, 'JIJ', 'Jijel'),
(92, 3, 'KHE', 'Khenchela'),
(93, 3, 'LAG', 'Laghouat'),
(94, 3, 'MUA', 'Muaskar'),
(95, 3, 'MED', 'Medea'),
(96, 3, 'MIL', 'Mila'),
(97, 3, 'MOS', 'Mostaganem'),
(98, 3, 'MSI', 'M''Sila'),
(99, 3, 'NAA', 'Naama'),
(100, 3, 'ORA', 'Oran'),
(101, 3, 'OUA', 'Ouargla'),
(102, 3, 'OEB', 'Oum el-Bouaghi'),
(103, 3, 'REL', 'Relizane'),
(104, 3, 'SAI', 'Saida'),
(105, 3, 'SET', 'Setif'),
(106, 3, 'SBA', 'Sidi Bel Abbes'),
(107, 3, 'SKI', 'Skikda'),
(108, 3, 'SAH', 'Souk Ahras'),
(109, 3, 'TAM', 'Tamanghasset'),
(110, 3, 'TEB', 'Tebessa'),
(111, 3, 'TIA', 'Tiaret'),
(112, 3, 'TIN', 'Tindouf'),
(113, 3, 'TIP', 'Tipaza'),
(114, 3, 'TIS', 'Tissemsilt'),
(115, 3, 'TOU', 'Tizi Ouzou'),
(116, 3, 'TLE', 'Tlemcen'),
(117, 4, 'E', 'Eastern'),
(118, 4, 'M', 'Manu''a'),
(119, 4, 'R', 'Rose Island'),
(120, 4, 'S', 'Swains Island'),
(121, 4, 'W', 'Western'),
(122, 5, 'ALV', 'Andorra la Vella'),
(123, 5, 'CAN', 'Canillo'),
(124, 5, 'ENC', 'Encamp'),
(125, 5, 'ESE', 'Escaldes-Engordany'),
(126, 5, 'LMA', 'La Massana'),
(127, 5, 'ORD', 'Ordino'),
(128, 5, 'SJL', 'Sant Julia de Lria'),
(129, 6, 'BGO', 'Bengo'),
(130, 6, 'BGU', 'Benguela'),
(131, 6, 'BIE', 'Bie'),
(132, 6, 'CAB', 'Cabinda'),
(133, 6, 'CCU', 'Cuando-Cubango'),
(134, 6, 'CNO', 'Cuanza Norte'),
(135, 6, 'CUS', 'Cuanza Sul'),
(136, 6, 'CNN', 'Cunene'),
(137, 6, 'HUA', 'Huambo'),
(138, 6, 'HUI', 'Huila'),
(139, 6, 'LUA', 'Luanda'),
(140, 6, 'LNO', 'Lunda Norte'),
(141, 6, 'LSU', 'Lunda Sul'),
(142, 6, 'MAL', 'Malange'),
(143, 6, 'MOX', 'Moxico'),
(144, 6, 'NAM', 'Namibe'),
(145, 6, 'UIG', 'Uige'),
(146, 6, 'ZAI', 'Zaire'),
(147, 9, 'ASG', 'Saint George'),
(148, 9, 'ASJ', 'Saint John'),
(149, 9, 'ASM', 'Saint Mary'),
(150, 9, 'ASL', 'Saint Paul'),
(151, 9, 'ASR', 'Saint Peter'),
(152, 9, 'ASH', 'Saint Philip'),
(153, 9, 'BAR', 'Barbuda'),
(154, 9, 'RED', 'Redonda'),
(155, 10, 'AN', 'Antartida e Islas del Atlantico '),
(156, 10, 'BA', 'Buenos Aires'),
(157, 10, 'CA', 'Catamarca'),
(158, 10, 'CH', 'Chaco'),
(159, 10, 'CU', 'Chubut'),
(160, 10, 'CO', 'Cordoba'),
(161, 10, 'CR', 'Corrientes'),
(162, 10, 'CF', 'Capital Federal'),
(163, 10, 'ER', 'Entre Rios'),
(164, 10, 'FO', 'Formosa'),
(165, 10, 'JU', 'Jujuy'),
(166, 10, 'LP', 'La Pampa'),
(167, 10, 'LR', 'La Rioja'),
(168, 10, 'ME', 'Mendoza'),
(169, 10, 'MI', 'Misiones'),
(170, 10, 'NE', 'Neuquen'),
(171, 10, 'RN', 'Rio Negro'),
(172, 10, 'SA', 'Salta'),
(173, 10, 'SJ', 'San Juan'),
(174, 10, 'SL', 'San Luis'),
(175, 10, 'SC', 'Santa Cruz'),
(176, 10, 'SF', 'Santa Fe'),
(177, 10, 'SD', 'Santiago del Estero'),
(178, 10, 'TF', 'Tierra del Fuego'),
(179, 10, 'TU', 'Tucuman'),
(180, 11, 'AGT', 'Aragatsotn'),
(181, 11, 'ARR', 'Ararat'),
(182, 11, 'ARM', 'Armavir'),
(183, 11, 'GEG', 'Geghark''unik'''),
(184, 11, 'KOT', 'Kotayk'''),
(185, 11, 'LOR', 'Lorri'),
(186, 11, 'SHI', 'Shirak'),
(187, 11, 'SYU', 'Syunik'''),
(188, 11, 'TAV', 'Tavush'),
(189, 11, 'VAY', 'Vayots'' Dzor'),
(190, 11, 'YER', 'Yerevan'),
(191, 13, 'ACT', 'Australian Capitol Territory'),
(192, 13, 'NSW', 'New South Wales'),
(193, 13, 'NT', 'Northern Territory'),
(194, 13, 'QLD', 'Queensland'),
(195, 13, 'SA', 'South Australia'),
(196, 13, 'TAS', 'Tasmania'),
(197, 13, 'VIC', 'Victoria'),
(198, 13, 'WA', 'Western Australia'),
(199, 14, 'BUR', 'Burgenland'),
(200, 14, 'KAR', 'K&auml;rnten'),
(201, 14, 'NOS', 'Nieder&ouml;esterreich'),
(202, 14, 'OOS', 'Ober&ouml;esterreich'),
(203, 14, 'SAL', 'Salzburg'),
(204, 14, 'STE', 'Steiermark'),
(205, 14, 'TIR', 'Tirol'),
(206, 14, 'VOR', 'Vorarlberg'),
(207, 14, 'WIE', 'Wien'),
(208, 15, 'AB', 'Ali Bayramli'),
(209, 15, 'ABS', 'Abseron'),
(210, 15, 'AGC', 'AgcabAdi'),
(211, 15, 'AGM', 'Agdam'),
(212, 15, 'AGS', 'Agdas'),
(213, 15, 'AGA', 'Agstafa'),
(214, 15, 'AGU', 'Agsu'),
(215, 15, 'AST', 'Astara'),
(216, 15, 'BA', 'Baki'),
(217, 15, 'BAB', 'BabAk'),
(218, 15, 'BAL', 'BalakAn'),
(219, 15, 'BAR', 'BArdA'),
(220, 15, 'BEY', 'Beylaqan'),
(221, 15, 'BIL', 'Bilasuvar'),
(222, 15, 'CAB', 'Cabrayil'),
(223, 15, 'CAL', 'Calilabab'),
(224, 15, 'CUL', 'Culfa'),
(225, 15, 'DAS', 'Daskasan'),
(226, 15, 'DAV', 'Davaci'),
(227, 15, 'FUZ', 'Fuzuli'),
(228, 15, 'GA', 'Ganca'),
(229, 15, 'GAD', 'Gadabay'),
(230, 15, 'GOR', 'Goranboy'),
(231, 15, 'GOY', 'Goycay'),
(232, 15, 'HAC', 'Haciqabul'),
(233, 15, 'IMI', 'Imisli'),
(234, 15, 'ISM', 'Ismayilli'),
(235, 15, 'KAL', 'Kalbacar'),
(236, 15, 'KUR', 'Kurdamir'),
(237, 15, 'LA', 'Lankaran'),
(238, 15, 'LAC', 'Lacin'),
(239, 15, 'LAN', 'Lankaran'),
(240, 15, 'LER', 'Lerik'),
(241, 15, 'MAS', 'Masalli'),
(242, 15, 'MI', 'Mingacevir'),
(243, 15, 'NA', 'Naftalan'),
(244, 15, 'NEF', 'Neftcala'),
(245, 15, 'OGU', 'Oguz'),
(246, 15, 'ORD', 'Ordubad'),
(247, 15, 'QAB', 'Qabala'),
(248, 15, 'QAX', 'Qax'),
(249, 15, 'QAZ', 'Qazax'),
(250, 15, 'QOB', 'Qobustan'),
(251, 15, 'QBA', 'Quba'),
(252, 15, 'QBI', 'Qubadli'),
(253, 15, 'QUS', 'Qusar'),
(254, 15, 'SA', 'Saki'),
(255, 15, 'SAT', 'Saatli'),
(256, 15, 'SAB', 'Sabirabad'),
(257, 15, 'SAD', 'Sadarak'),
(258, 15, 'SAH', 'Sahbuz'),
(259, 15, 'SAK', 'Saki'),
(260, 15, 'SAL', 'Salyan'),
(261, 15, 'SM', 'Sumqayit'),
(262, 15, 'SMI', 'Samaxi'),
(263, 15, 'SKR', 'Samkir'),
(264, 15, 'SMX', 'Samux'),
(265, 15, 'SAR', 'Sarur'),
(266, 15, 'SIY', 'Siyazan'),
(267, 15, 'SS', 'Susa'),
(268, 15, 'SUS', 'Susa'),
(269, 15, 'TAR', 'Tartar'),
(270, 15, 'TOV', 'Tovuz'),
(271, 15, 'UCA', 'Ucar'),
(272, 15, 'XA', 'Xankandi'),
(273, 15, 'XAC', 'Xacmaz'),
(274, 15, 'XAN', 'Xanlar'),
(275, 15, 'XIZ', 'Xizi'),
(276, 15, 'XCI', 'Xocali'),
(277, 15, 'XVD', 'Xocavand'),
(278, 15, 'YAR', 'Yardimli'),
(279, 15, 'YEV', 'Yevlax'),
(280, 15, 'ZAN', 'Zangilan'),
(281, 15, 'ZAQ', 'Zaqatala'),
(282, 15, 'ZAR', 'Zardab'),
(283, 15, 'NX', 'Naxcivan'),
(284, 16, 'ACK', 'Acklins'),
(285, 16, 'BER', 'Berry Islands'),
(286, 16, 'BIM', 'Bimini'),
(287, 16, 'BLK', 'Black Point'),
(288, 16, 'CAT', 'Cat Island'),
(289, 16, 'CAB', 'Central Abaco'),
(290, 16, 'CAN', 'Central Andros'),
(291, 16, 'CEL', 'Central Eleuthera'),
(292, 16, 'FRE', 'City of Freeport'),
(293, 16, 'CRO', 'Crooked Island'),
(294, 16, 'EGB', 'East Grand Bahama'),
(295, 16, 'EXU', 'Exuma'),
(296, 16, 'GRD', 'Grand Cay'),
(297, 16, 'HAR', 'Harbour Island'),
(298, 16, 'HOP', 'Hope Town'),
(299, 16, 'INA', 'Inagua'),
(300, 16, 'LNG', 'Long Island'),
(301, 16, 'MAN', 'Mangrove Cay'),
(302, 16, 'MAY', 'Mayaguana'),
(303, 16, 'MOO', 'Moore''s Island'),
(304, 16, 'NAB', 'North Abaco'),
(305, 16, 'NAN', 'North Andros'),
(306, 16, 'NEL', 'North Eleuthera'),
(307, 16, 'RAG', 'Ragged Island'),
(308, 16, 'RUM', 'Rum Cay'),
(309, 16, 'SAL', 'San Salvador'),
(310, 16, 'SAB', 'South Abaco'),
(311, 16, 'SAN', 'South Andros'),
(312, 16, 'SEL', 'South Eleuthera'),
(313, 16, 'SWE', 'Spanish Wells'),
(314, 16, 'WGB', 'West Grand Bahama'),
(315, 17, 'CAP', 'Capital'),
(316, 17, 'CEN', 'Central'),
(317, 17, 'MUH', 'Muharraq'),
(318, 17, 'NOR', 'Northern'),
(319, 17, 'SOU', 'Southern'),
(320, 18, 'BAR', 'Barisal'),
(321, 18, 'CHI', 'Chittagong'),
(322, 18, 'DHA', 'Dhaka'),
(323, 18, 'KHU', 'Khulna'),
(324, 18, 'RAJ', 'Rajshahi'),
(325, 18, 'SYL', 'Sylhet'),
(326, 19, 'CC', 'Christ Church'),
(327, 19, 'AND', 'Saint Andrew'),
(328, 19, 'GEO', 'Saint George'),
(329, 19, 'JAM', 'Saint James'),
(330, 19, 'JOH', 'Saint John'),
(331, 19, 'JOS', 'Saint Joseph'),
(332, 19, 'LUC', 'Saint Lucy'),
(333, 19, 'MIC', 'Saint Michael'),
(334, 19, 'PET', 'Saint Peter'),
(335, 19, 'PHI', 'Saint Philip'),
(336, 19, 'THO', 'Saint Thomas'),
(337, 20, 'BR', 'Brestskaya (Brest)'),
(338, 20, 'HO', 'Homyel''skaya (Homyel'')'),
(339, 20, 'HM', 'Horad Minsk'),
(340, 20, 'HR', 'Hrodzyenskaya (Hrodna)'),
(341, 20, 'MA', 'Mahilyowskaya (Mahilyow)'),
(342, 20, 'MI', 'Minskaya'),
(343, 20, 'VI', 'Vitsyebskaya (Vitsyebsk)'),
(344, 21, 'VAN', 'Antwerpen'),
(345, 21, 'WBR', 'Brabant Wallon'),
(346, 21, 'WHT', 'Hainaut'),
(347, 21, 'WLG', 'Liege'),
(348, 21, 'VLI', 'Limburg'),
(349, 21, 'WLX', 'Luxembourg'),
(350, 21, 'WNA', 'Namur'),
(351, 21, 'VOV', 'Oost-Vlaanderen'),
(352, 21, 'VBR', 'Vlaams Brabant'),
(353, 21, 'VWV', 'West-Vlaanderen'),
(354, 22, 'BZ', 'Belize'),
(355, 22, 'CY', 'Cayo'),
(356, 22, 'CR', 'Corozal'),
(357, 22, 'OW', 'Orange Walk'),
(358, 22, 'SC', 'Stann Creek'),
(359, 22, 'TO', 'Toledo'),
(360, 23, 'AL', 'Alibori'),
(361, 23, 'AK', 'Atakora'),
(362, 23, 'AQ', 'Atlantique'),
(363, 23, 'BO', 'Borgou'),
(364, 23, 'CO', 'Collines'),
(365, 23, 'DO', 'Donga'),
(366, 23, 'KO', 'Kouffo'),
(367, 23, 'LI', 'Littoral'),
(368, 23, 'MO', 'Mono'),
(369, 23, 'OU', 'Oueme'),
(370, 23, 'PL', 'Plateau'),
(371, 23, 'ZO', 'Zou'),
(372, 24, 'DS', 'Devonshire'),
(373, 24, 'HC', 'Hamilton City'),
(374, 24, 'HA', 'Hamilton'),
(375, 24, 'PG', 'Paget'),
(376, 24, 'PB', 'Pembroke'),
(377, 24, 'GC', 'Saint George City'),
(378, 24, 'SG', 'Saint George''s'),
(379, 24, 'SA', 'Sandys'),
(380, 24, 'SM', 'Smith''s'),
(381, 24, 'SH', 'Southampton'),
(382, 24, 'WA', 'Warwick'),
(383, 25, 'BUM', 'Bumthang'),
(384, 25, 'CHU', 'Chukha'),
(385, 25, 'DAG', 'Dagana'),
(386, 25, 'GAS', 'Gasa'),
(387, 25, 'HAA', 'Haa'),
(388, 25, 'LHU', 'Lhuntse'),
(389, 25, 'MON', 'Mongar'),
(390, 25, 'PAR', 'Paro'),
(391, 25, 'PEM', 'Pemagatshel'),
(392, 25, 'PUN', 'Punakha'),
(393, 25, 'SJO', 'Samdrup Jongkhar'),
(394, 25, 'SAT', 'Samtse'),
(395, 25, 'SAR', 'Sarpang'),
(396, 25, 'THI', 'Thimphu'),
(397, 25, 'TRG', 'Trashigang'),
(398, 25, 'TRY', 'Trashiyangste'),
(399, 25, 'TRO', 'Trongsa'),
(400, 25, 'TSI', 'Tsirang'),
(401, 25, 'WPH', 'Wangdue Phodrang'),
(402, 25, 'ZHE', 'Zhemgang'),
(403, 26, 'BEN', 'Beni'),
(404, 26, 'CHU', 'Chuquisaca'),
(405, 26, 'COC', 'Cochabamba'),
(406, 26, 'LPZ', 'La Paz'),
(407, 26, 'ORU', 'Oruro'),
(408, 26, 'PAN', 'Pando'),
(409, 26, 'POT', 'Potosi'),
(410, 26, 'SCZ', 'Santa Cruz'),
(411, 26, 'TAR', 'Tarija'),
(412, 27, 'BRO', 'Brcko district'),
(413, 27, 'FUS', 'Unsko-Sanski Kanton'),
(414, 27, 'FPO', 'Posavski Kanton'),
(415, 27, 'FTU', 'Tuzlanski Kanton'),
(416, 27, 'FZE', 'Zenicko-Dobojski Kanton'),
(417, 27, 'FBP', 'Bosanskopodrinjski Kanton'),
(418, 27, 'FSB', 'Srednjebosanski Kanton'),
(419, 27, 'FHN', 'Hercegovacko-neretvanski Kanton'),
(420, 27, 'FZH', 'Zapadnohercegovacka Zupanija'),
(421, 27, 'FSA', 'Kanton Sarajevo'),
(422, 27, 'FZA', 'Zapadnobosanska'),
(423, 27, 'SBL', 'Banja Luka'),
(424, 27, 'SDO', 'Doboj'),
(425, 27, 'SBI', 'Bijeljina'),
(426, 27, 'SVL', 'Vlasenica'),
(427, 27, 'SSR', 'Sarajevo-Romanija or Sokolac'),
(428, 27, 'SFO', 'Foca'),
(429, 27, 'STR', 'Trebinje'),
(430, 28, 'CE', 'Central'),
(431, 28, 'GH', 'Ghanzi'),
(432, 28, 'KD', 'Kgalagadi'),
(433, 28, 'KT', 'Kgatleng'),
(434, 28, 'KW', 'Kweneng'),
(435, 28, 'NG', 'Ngamiland'),
(436, 28, 'NE', 'North East'),
(437, 28, 'NW', 'North West'),
(438, 28, 'SE', 'South East'),
(439, 28, 'SO', 'Southern'),
(440, 30, 'AC', 'Acre'),
(441, 30, 'AL', 'Alagoas'),
(442, 30, 'AP', 'Amapa'),
(443, 30, 'AM', 'Amazonas'),
(444, 30, 'BA', 'Bahia'),
(445, 30, 'CE', 'Ceara'),
(446, 30, 'DF', 'Distrito Federal'),
(447, 30, 'ES', 'Espirito Santo'),
(448, 30, 'GO', 'Goias'),
(449, 30, 'MA', 'Maranhao'),
(450, 30, 'MT', 'Mato Grosso'),
(451, 30, 'MS', 'Mato Grosso do Sul'),
(452, 30, 'MG', 'Minas Gerais'),
(453, 30, 'PA', 'Para'),
(454, 30, 'PB', 'Paraiba'),
(455, 30, 'PR', 'Parana'),
(456, 30, 'PE', 'Pernambuco'),
(457, 30, 'PI', 'Piaui'),
(458, 30, 'RJ', 'Rio de Janeiro'),
(459, 30, 'RN', 'Rio Grande do Norte'),
(460, 30, 'RS', 'Rio Grande do Sul'),
(461, 30, 'RO', 'Rondonia'),
(462, 30, 'RR', 'Roraima'),
(463, 30, 'SC', 'Santa Catarina'),
(464, 30, 'SP', 'Sao Paulo'),
(465, 30, 'SE', 'Sergipe'),
(466, 30, 'TO', 'Tocantins'),
(467, 31, 'PB', 'Peros Banhos'),
(468, 31, 'SI', 'Salomon Islands'),
(469, 31, 'NI', 'Nelsons Island'),
(470, 31, 'TB', 'Three Brothers'),
(471, 31, 'EA', 'Eagle Islands'),
(472, 31, 'DI', 'Danger Island'),
(473, 31, 'EG', 'Egmont Islands'),
(474, 31, 'DG', 'Diego Garcia'),
(475, 32, 'BEL', 'Belait'),
(476, 32, 'BRM', 'Brunei and Muara'),
(477, 32, 'TEM', 'Temburong'),
(478, 32, 'TUT', 'Tutong'),
(479, 33, '', 'Blagoevgrad'),
(480, 33, '', 'Burgas'),
(481, 33, '', 'Dobrich'),
(482, 33, '', 'Gabrovo'),
(483, 33, '', 'Haskovo'),
(484, 33, '', 'Kardjali'),
(485, 33, '', 'Kyustendil'),
(486, 33, '', 'Lovech'),
(487, 33, '', 'Montana'),
(488, 33, '', 'Pazardjik'),
(489, 33, '', 'Pernik'),
(490, 33, '', 'Pleven'),
(491, 33, '', 'Plovdiv'),
(492, 33, '', 'Razgrad'),
(493, 33, '', 'Shumen'),
(494, 33, '', 'Silistra'),
(495, 33, '', 'Sliven'),
(496, 33, '', 'Smolyan'),
(497, 33, '', 'Sofia'),
(498, 33, '', 'Sofia - town'),
(499, 33, '', 'Stara Zagora'),
(500, 33, '', 'Targovishte'),
(501, 33, '', 'Varna'),
(502, 33, '', 'Veliko Tarnovo'),
(503, 33, '', 'Vidin'),
(504, 33, '', 'Vratza'),
(505, 33, '', 'Yambol'),
(506, 34, 'BAL', 'Bale'),
(507, 34, 'BAM', 'Bam'),
(508, 34, 'BAN', 'Banwa'),
(509, 34, 'BAZ', 'Bazega'),
(510, 34, 'BOR', 'Bougouriba'),
(511, 34, 'BLG', 'Boulgou'),
(512, 34, 'BOK', 'Boulkiemde'),
(513, 34, 'COM', 'Comoe'),
(514, 34, 'GAN', 'Ganzourgou'),
(515, 34, 'GNA', 'Gnagna'),
(516, 34, 'GOU', 'Gourma'),
(517, 34, 'HOU', 'Houet'),
(518, 34, 'IOA', 'Ioba'),
(519, 34, 'KAD', 'Kadiogo'),
(520, 34, 'KEN', 'Kenedougou'),
(521, 34, 'KOD', 'Komondjari'),
(522, 34, 'KOP', 'Kompienga'),
(523, 34, 'KOS', 'Kossi'),
(524, 34, 'KOL', 'Koulpelogo'),
(525, 34, 'KOT', 'Kouritenga'),
(526, 34, 'KOW', 'Kourweogo'),
(527, 34, 'LER', 'Leraba'),
(528, 34, 'LOR', 'Loroum'),
(529, 34, 'MOU', 'Mouhoun'),
(530, 34, 'NAH', 'Nahouri'),
(531, 34, 'NAM', 'Namentenga'),
(532, 34, 'NAY', 'Nayala'),
(533, 34, 'NOU', 'Noumbiel'),
(534, 34, 'OUB', 'Oubritenga'),
(535, 34, 'OUD', 'Oudalan'),
(536, 34, 'PAS', 'Passore'),
(537, 34, 'PON', 'Poni'),
(538, 34, 'SAG', 'Sanguie'),
(539, 34, 'SAM', 'Sanmatenga'),
(540, 34, 'SEN', 'Seno'),
(541, 34, 'SIS', 'Sissili'),
(542, 34, 'SOM', 'Soum'),
(543, 34, 'SOR', 'Sourou'),
(544, 34, 'TAP', 'Tapoa'),
(545, 34, 'TUY', 'Tuy'),
(546, 34, 'YAG', 'Yagha'),
(547, 34, 'YAT', 'Yatenga'),
(548, 34, 'ZIR', 'Ziro'),
(549, 34, 'ZOD', 'Zondoma'),
(550, 34, 'ZOW', 'Zoundweogo'),
(551, 35, 'BB', 'Bubanza'),
(552, 35, 'BJ', 'Bujumbura'),
(553, 35, 'BR', 'Bururi'),
(554, 35, 'CA', 'Cankuzo'),
(555, 35, 'CI', 'Cibitoke'),
(556, 35, 'GI', 'Gitega'),
(557, 35, 'KR', 'Karuzi'),
(558, 35, 'KY', 'Kayanza'),
(559, 35, 'KI', 'Kirundo'),
(560, 35, 'MA', 'Makamba'),
(561, 35, 'MU', 'Muramvya'),
(562, 35, 'MY', 'Muyinga'),
(563, 35, 'MW', 'Mwaro'),
(564, 35, 'NG', 'Ngozi'),
(565, 35, 'RT', 'Rutana'),
(566, 35, 'RY', 'Ruyigi'),
(567, 36, 'PP', 'Phnom Penh'),
(568, 36, 'PS', 'Preah Seihanu (Kompong Som or Si'),
(569, 36, 'PA', 'Pailin'),
(570, 36, 'KB', 'Keb'),
(571, 36, 'BM', 'Banteay Meanchey'),
(572, 36, 'BA', 'Battambang'),
(573, 36, 'KM', 'Kampong Cham'),
(574, 36, 'KN', 'Kampong Chhnang'),
(575, 36, 'KU', 'Kampong Speu'),
(576, 36, 'KO', 'Kampong Som'),
(577, 36, 'KT', 'Kampong Thom'),
(578, 36, 'KP', 'Kampot'),
(579, 36, 'KL', 'Kandal'),
(580, 36, 'KK', 'Kaoh Kong'),
(581, 36, 'KR', 'Kratie'),
(582, 36, 'MK', 'Mondul Kiri'),
(583, 36, 'OM', 'Oddar Meancheay'),
(584, 36, 'PU', 'Pursat'),
(585, 36, 'PR', 'Preah Vihear'),
(586, 36, 'PG', 'Prey Veng'),
(587, 36, 'RK', 'Ratanak Kiri'),
(588, 36, 'SI', 'Siemreap'),
(589, 36, 'ST', 'Stung Treng'),
(590, 36, 'SR', 'Svay Rieng'),
(591, 36, 'TK', 'Takeo'),
(592, 37, 'ADA', 'Adamawa (Adamaoua)'),
(593, 37, 'CEN', 'Centre'),
(594, 37, 'EST', 'East (Est)'),
(595, 37, 'EXN', 'Extreme North (Extrme-Nord)'),
(596, 37, 'LIT', 'Littoral'),
(597, 37, 'NOR', 'North (Nord)'),
(598, 37, 'NOT', 'Northwest (Nord-Ouest)'),
(599, 37, 'OUE', 'West (Ouest)'),
(600, 37, 'SUD', 'South (Sud)'),
(601, 37, 'SOU', 'Southwest (Sud-Ouest).'),
(602, 38, 'AB', 'Alberta'),
(603, 38, 'BC', 'British Columbia'),
(604, 38, 'MB', 'Manitoba'),
(605, 38, 'NB', 'New Brunswick'),
(606, 38, 'NL', 'Newfoundland and Labrador'),
(607, 38, 'NT', 'Northwest Territories'),
(608, 38, 'NS', 'Nova Scotia'),
(609, 38, 'NU', 'Nunavut'),
(610, 38, 'ON', 'Ontario'),
(611, 38, 'PE', 'Prince Edward Island'),
(612, 38, 'QC', 'Qu&eacute;bec'),
(613, 38, 'SK', 'Saskatchewan'),
(614, 38, 'YT', 'Yukon Territory'),
(615, 39, 'BV', 'Boa Vista'),
(616, 39, 'BR', 'Brava'),
(617, 39, 'CS', 'Calheta de Sao Miguel'),
(618, 39, 'MA', 'Maio'),
(619, 39, 'MO', 'Mosteiros'),
(620, 39, 'PA', 'Paul'),
(621, 39, 'PN', 'Porto Novo'),
(622, 39, 'PR', 'Praia'),
(623, 39, 'RG', 'Ribeira Grande'),
(624, 39, 'SL', 'Sal'),
(625, 39, 'CA', 'Santa Catarina'),
(626, 39, 'CR', 'Santa Cruz'),
(627, 39, 'SD', 'Sao Domingos'),
(628, 39, 'SF', 'Sao Filipe'),
(629, 39, 'SN', 'Sao Nicolau'),
(630, 39, 'SV', 'Sao Vicente'),
(631, 39, 'TA', 'Tarrafal'),
(632, 40, 'CR', 'Creek'),
(633, 40, 'EA', 'Eastern'),
(634, 40, 'ML', 'Midland'),
(635, 40, 'ST', 'South Town'),
(636, 40, 'SP', 'Spot Bay'),
(637, 40, 'SK', 'Stake Bay'),
(638, 40, 'WD', 'West End '),
(639, 40, 'WN', 'Western'),
(640, 41, 'BBA', 'Bamingui-Bangoran'),
(641, 41, 'BKO', 'Basse-Kotto'),
(642, 41, 'HKO', 'Haute-Kotto'),
(643, 41, 'HMB', 'Haut-Mbomou'),
(644, 41, 'KEM', 'Kemo'),
(645, 41, 'LOB', 'Lobaye'),
(646, 41, 'MKD', 'Mambere-Kade'),
(647, 41, 'MBO', 'Mbomou'),
(648, 41, 'NMM', 'Nana-Mambere'),
(649, 41, 'OMP', 'Ombella-M''Poko'),
(650, 41, 'OUK', 'Ouaka'),
(651, 41, 'OUH', 'Ouham'),
(652, 41, 'OPE', 'Ouham-Pende'),
(653, 41, 'VAK', 'Vakaga'),
(654, 41, 'NGR', 'Nana-Grebizi'),
(655, 41, 'SMB', 'Sangha-Mbaere'),
(656, 41, 'BAN', 'Bangui'),
(657, 42, 'BA', 'Batha'),
(658, 42, 'BI', 'Biltine'),
(659, 42, 'BE', 'Borkou-Ennedi-Tibesti'),
(660, 42, 'CB', 'Chari-Baguirmi'),
(661, 42, 'GU', 'Guera'),
(662, 42, 'KA', 'Kanem'),
(663, 42, 'LA', 'Lac'),
(664, 42, 'LC', 'Logone Occidental'),
(665, 42, 'LR', 'Logone Oriental'),
(666, 42, 'MK', 'Mayo-Kebbi'),
(667, 42, 'MC', 'Moyen-Chari'),
(668, 42, 'OU', 'Ouaddai'),
(669, 42, 'SA', 'Salamat'),
(670, 42, 'TA', 'Tandjile'),
(671, 43, 'AI', 'Aisen del General Carlos Ibanez '),
(672, 43, 'AN', 'Antofagasta'),
(673, 43, 'AR', 'Araucania'),
(674, 43, 'AT', 'Atacama'),
(675, 43, 'BI', 'Bio-Bio'),
(676, 43, 'CO', 'Coquimbo'),
(677, 43, 'LI', 'Libertador General Bernardo O''Hi'),
(678, 43, 'LL', 'Los Lagos'),
(679, 43, 'MA', 'Magallanes y de la Antartica Chi'),
(680, 43, 'ML', 'Maule'),
(681, 43, 'RM', 'Region Metropolitana'),
(682, 43, 'TA', 'Tarapaca'),
(683, 43, 'VS', 'Valparaiso'),
(684, 44, 'AN', 'Anhui'),
(685, 44, 'BE', 'Beijing'),
(686, 44, 'CH', 'Chongqing'),
(687, 44, 'FU', 'Fujian'),
(688, 44, 'GA', 'Gansu'),
(689, 44, 'GU', 'Guangdong'),
(690, 44, 'GX', 'Guangxi'),
(691, 44, 'GZ', 'Guizhou'),
(692, 44, 'HA', 'Hainan'),
(693, 44, 'HB', 'Hebei'),
(694, 44, 'HL', 'Heilongjiang'),
(695, 44, 'HE', 'Henan'),
(696, 44, 'HK', 'Hong Kong'),
(697, 44, 'HU', 'Hubei'),
(698, 44, 'HN', 'Hunan'),
(699, 44, 'IM', 'Inner Mongolia'),
(700, 44, 'JI', 'Jiangsu'),
(701, 44, 'JX', 'Jiangxi'),
(702, 44, 'JL', 'Jilin'),
(703, 44, 'LI', 'Liaoning'),
(704, 44, 'MA', 'Macau'),
(705, 44, 'NI', 'Ningxia'),
(706, 44, 'SH', 'Shaanxi'),
(707, 44, 'SA', 'Shandong'),
(708, 44, 'SG', 'Shanghai'),
(709, 44, 'SX', 'Shanxi'),
(710, 44, 'SI', 'Sichuan'),
(711, 44, 'TI', 'Tianjin'),
(712, 44, 'XI', 'Xinjiang'),
(713, 44, 'YU', 'Yunnan'),
(714, 44, 'ZH', 'Zhejiang'),
(715, 46, 'D', 'Direction Island'),
(716, 46, 'H', 'Home Island'),
(717, 46, 'O', 'Horsburgh Island'),
(718, 46, 'S', 'South Island'),
(719, 46, 'W', 'West Island'),
(720, 47, 'AMZ', 'Amazonas'),
(721, 47, 'ANT', 'Antioquia'),
(722, 47, 'ARA', 'Arauca'),
(723, 47, 'ATL', 'Atlantico'),
(724, 47, 'BDC', 'Bogota D.C.'),
(725, 47, 'BOL', 'Bolivar'),
(726, 47, 'BOY', 'Boyaca'),
(727, 47, 'CAL', 'Caldas'),
(728, 47, 'CAQ', 'Caqueta'),
(729, 47, 'CAS', 'Casanare'),
(730, 47, 'CAU', 'Cauca'),
(731, 47, 'CES', 'Cesar'),
(732, 47, 'CHO', 'Choco'),
(733, 47, 'COR', 'Cordoba'),
(734, 47, 'CAM', 'Cundinamarca'),
(735, 47, 'GNA', 'Guainia'),
(736, 47, 'GJR', 'Guajira'),
(737, 47, 'GVR', 'Guaviare'),
(738, 47, 'HUI', 'Huila'),
(739, 47, 'MAG', 'Magdalena'),
(740, 47, 'MET', 'Meta'),
(741, 47, 'NAR', 'Narino'),
(742, 47, 'NDS', 'Norte de Santander'),
(743, 47, 'PUT', 'Putumayo'),
(744, 47, 'QUI', 'Quindio'),
(745, 47, 'RIS', 'Risaralda'),
(746, 47, 'SAP', 'San Andres y Providencia'),
(747, 47, 'SAN', 'Santander'),
(748, 47, 'SUC', 'Sucre'),
(749, 47, 'TOL', 'Tolima'),
(750, 47, 'VDC', 'Valle del Cauca'),
(751, 47, 'VAU', 'Vaupes'),
(752, 47, 'VIC', 'Vichada'),
(753, 48, 'G', 'Grande Comore'),
(754, 48, 'A', 'Anjouan'),
(755, 48, 'M', 'Moheli'),
(756, 49, 'BO', 'Bouenza'),
(757, 49, 'BR', 'Brazzaville'),
(758, 49, 'CU', 'Cuvette'),
(759, 49, 'CO', 'Cuvette-Ouest'),
(760, 49, 'KO', 'Kouilou'),
(761, 49, 'LE', 'Lekoumou'),
(762, 49, 'LI', 'Likouala'),
(763, 49, 'NI', 'Niari'),
(764, 49, 'PL', 'Plateaux'),
(765, 49, 'PO', 'Pool '),
(766, 49, 'SA', 'Sangha'),
(767, 50, 'PU', 'Pukapuka'),
(768, 50, 'RK', 'Rakahanga'),
(769, 50, 'MK', 'Manihiki'),
(770, 50, 'PE', 'Penrhyn'),
(771, 50, 'NI', 'Nassau Island'),
(772, 50, 'SU', 'Surwarrow'),
(773, 50, 'PA', 'Palmerston'),
(774, 50, 'AI', 'Aitutaki'),
(775, 50, 'MA', 'Manuae'),
(776, 50, 'TA', 'Takutea'),
(777, 50, 'MT', 'Mitiaro'),
(778, 50, 'AT', 'Atiu'),
(779, 50, 'MU', 'Mauke'),
(780, 50, 'RR', 'Rarotonga'),
(781, 50, 'MG', 'Mangaia'),
(782, 51, 'AL', 'Alajuela'),
(783, 51, 'CA', 'Cartago'),
(784, 51, 'GU', 'Guanacaste'),
(785, 51, 'HE', 'Heredia'),
(786, 51, 'LI', 'Limon'),
(787, 51, 'PU', 'Puntarenas'),
(788, 51, 'SJ', 'San Jose'),
(789, 52, 'ABE', 'Abengourou'),
(790, 52, 'ABI', 'Abidjan'),
(791, 52, 'ABO', 'Aboisso'),
(792, 52, 'ADI', 'Adiake'),
(793, 52, 'ADZ', 'Adzope'),
(794, 52, 'AGB', 'Agboville'),
(795, 52, 'AGN', 'Agnibilekrou'),
(796, 52, 'ALE', 'Alepe'),
(797, 52, 'BOC', 'Bocanda'),
(798, 52, 'BAN', 'Bangolo'),
(799, 52, 'BEO', 'Beoumi'),
(800, 52, 'BIA', 'Biankouma'),
(801, 52, 'BDK', 'Bondoukou'),
(802, 52, 'BGN', 'Bongouanou'),
(803, 52, 'BFL', 'Bouafle'),
(804, 52, 'BKE', 'Bouake'),
(805, 52, 'BNA', 'Bouna'),
(806, 52, 'BDL', 'Boundiali'),
(807, 52, 'DKL', 'Dabakala'),
(808, 52, 'DBU', 'Dabou'),
(809, 52, 'DAL', 'Daloa'),
(810, 52, 'DAN', 'Danane'),
(811, 52, 'DAO', 'Daoukro'),
(812, 52, 'DIM', 'Dimbokro'),
(813, 52, 'DIV', 'Divo'),
(814, 52, 'DUE', 'Duekoue'),
(815, 52, 'FER', 'Ferkessedougou'),
(816, 52, 'GAG', 'Gagnoa'),
(817, 52, 'GBA', 'Grand-Bassam'),
(818, 52, 'GLA', 'Grand-Lahou'),
(819, 52, 'GUI', 'Guiglo'),
(820, 52, 'ISS', 'Issia'),
(821, 52, 'JAC', 'Jacqueville'),
(822, 52, 'KAT', 'Katiola'),
(823, 52, 'KOR', 'Korhogo'),
(824, 52, 'LAK', 'Lakota'),
(825, 52, 'MAN', 'Man'),
(826, 52, 'MKN', 'Mankono'),
(827, 52, 'MBA', 'Mbahiakro'),
(828, 52, 'ODI', 'Odienne'),
(829, 52, 'OUM', 'Oume'),
(830, 52, 'SAK', 'Sakassou'),
(831, 52, 'SPE', 'San-Pedro'),
(832, 52, 'SAS', 'Sassandra'),
(833, 52, 'SEG', 'Seguela'),
(834, 52, 'SIN', 'Sinfra'),
(835, 52, 'SOU', 'Soubre'),
(836, 52, 'TAB', 'Tabou'),
(837, 52, 'TAN', 'Tanda'),
(838, 52, 'TIE', 'Tiebissou'),
(839, 52, 'TIN', 'Tingrela'),
(840, 52, 'TIA', 'Tiassale'),
(841, 52, 'TBA', 'Touba'),
(842, 52, 'TLP', 'Toulepleu'),
(843, 52, 'TMD', 'Toumodi'),
(844, 52, 'VAV', 'Vavoua'),
(845, 52, 'YAM', 'Yamoussoukro'),
(846, 52, 'ZUE', 'Zuenoula'),
(847, 53, 'BB', 'Bjelovar-Bilogora'),
(848, 53, 'CZ', 'City of Zagreb'),
(849, 53, 'DN', 'Dubrovnik-Neretva'),
(850, 53, 'IS', 'Istra'),
(851, 53, 'KA', 'Karlovac'),
(852, 53, 'KK', 'Koprivnica-Krizevci'),
(853, 53, 'KZ', 'Krapina-Zagorje'),
(854, 53, 'LS', 'Lika-Senj'),
(855, 53, 'ME', 'Medimurje'),
(856, 53, 'OB', 'Osijek-Baranja'),
(857, 53, 'PS', 'Pozega-Slavonia'),
(858, 53, 'PG', 'Primorje-Gorski Kotar'),
(859, 53, 'SI', 'Sibenik'),
(860, 53, 'SM', 'Sisak-Moslavina'),
(861, 53, 'SB', 'Slavonski Brod-Posavina'),
(862, 53, 'SD', 'Split-Dalmatia'),
(863, 53, 'VA', 'Varazdin'),
(864, 53, 'VP', 'Virovitica-Podravina'),
(865, 53, 'VS', 'Vukovar-Srijem'),
(866, 53, 'ZK', 'Zadar-Knin'),
(867, 53, 'ZA', 'Zagreb'),
(868, 54, 'CA', 'Camaguey'),
(869, 54, 'CD', 'Ciego de Avila'),
(870, 54, 'CI', 'Cienfuegos'),
(871, 54, 'CH', 'Ciudad de La Habana'),
(872, 54, 'GR', 'Granma'),
(873, 54, 'GU', 'Guantanamo'),
(874, 54, 'HO', 'Holguin'),
(875, 54, 'IJ', 'Isla de la Juventud'),
(876, 54, 'LH', 'La Habana'),
(877, 54, 'LT', 'Las Tunas'),
(878, 54, 'MA', 'Matanzas'),
(879, 54, 'PR', 'Pinar del Rio'),
(880, 54, 'SS', 'Sancti Spiritus'),
(881, 54, 'SC', 'Santiago de Cuba'),
(882, 54, 'VC', 'Villa Clara'),
(883, 55, 'F', 'Famagusta'),
(884, 55, 'K', 'Kyrenia'),
(885, 55, 'A', 'Larnaca'),
(886, 55, 'I', 'Limassol'),
(887, 55, 'N', 'Nicosia'),
(888, 55, 'P', 'Paphos'),
(889, 56, 'U', 'Ustecky'),
(890, 56, 'C', 'Jihocesky'),
(891, 56, 'B', 'Jihomoravsky'),
(892, 56, 'K', 'Karlovarsky'),
(893, 56, 'H', 'Kralovehradecky'),
(894, 56, 'L', 'Liberecky'),
(895, 56, 'T', 'Moravskoslezsky'),
(896, 56, 'M', 'Olomoucky'),
(897, 56, 'E', 'Pardubicky'),
(898, 56, 'P', 'Plzensky'),
(899, 56, 'A', 'Praha'),
(900, 56, 'S', 'Stredocesky'),
(901, 56, 'J', 'Vysocina'),
(902, 56, 'Z', 'Zlinsky'),
(903, 57, 'AR', 'Arhus'),
(904, 57, 'BH', 'Bornholm'),
(905, 57, 'CO', 'Copenhagen'),
(906, 57, 'FO', 'Faroe Islands'),
(907, 57, 'FR', 'Frederiksborg'),
(908, 57, 'FY', 'Fyn'),
(909, 57, 'KO', 'Kobenhavn'),
(910, 57, 'NO', 'Nordjylland'),
(911, 57, 'RI', 'Ribe'),
(912, 57, 'RK', 'Ringkobing'),
(913, 57, 'RO', 'Roskilde'),
(914, 57, 'SO', 'Sonderjylland'),
(915, 57, 'ST', 'Storstrom'),
(916, 57, 'VK', 'Vejle'),
(917, 57, 'VJ', 'Vestj&aelig;lland'),
(918, 57, 'VB', 'Viborg'),
(919, 58, 'S', '''Ali Sabih'),
(920, 58, 'K', 'Dikhil'),
(921, 58, 'J', 'Djibouti'),
(922, 58, 'O', 'Obock'),
(923, 58, 'T', 'Tadjoura'),
(924, 59, 'AND', 'Saint Andrew Parish'),
(925, 59, 'DAV', 'Saint David Parish'),
(926, 59, 'GEO', 'Saint George Parish'),
(927, 59, 'JOH', 'Saint John Parish'),
(928, 59, 'JOS', 'Saint Joseph Parish'),
(929, 59, 'LUK', 'Saint Luke Parish'),
(930, 59, 'MAR', 'Saint Mark Parish'),
(931, 59, 'PAT', 'Saint Patrick Parish'),
(932, 59, 'PAU', 'Saint Paul Parish'),
(933, 59, 'PET', 'Saint Peter Parish'),
(934, 60, 'DN', 'Distrito Nacional'),
(935, 60, 'AZ', 'Azua'),
(936, 60, 'BC', 'Baoruco'),
(937, 60, 'BH', 'Barahona'),
(938, 60, 'DJ', 'Dajabon'),
(939, 60, 'DU', 'Duarte'),
(940, 60, 'EL', 'Elias Pina'),
(941, 60, 'SY', 'El Seybo'),
(942, 60, 'ET', 'Espaillat'),
(943, 60, 'HM', 'Hato Mayor'),
(944, 60, 'IN', 'Independencia'),
(945, 60, 'AL', 'La Altagracia'),
(946, 60, 'RO', 'La Romana'),
(947, 60, 'VE', 'La Vega'),
(948, 60, 'MT', 'Maria Trinidad Sanchez'),
(949, 60, 'MN', 'Monsenor Nouel'),
(950, 60, 'MC', 'Monte Cristi'),
(951, 60, 'MP', 'Monte Plata'),
(952, 60, 'PD', 'Pedernales'),
(953, 60, 'PR', 'Peravia (Bani)'),
(954, 60, 'PP', 'Puerto Plata'),
(955, 60, 'SL', 'Salcedo'),
(956, 60, 'SM', 'Samana'),
(957, 60, 'SH', 'Sanchez Ramirez'),
(958, 60, 'SC', 'San Cristobal'),
(959, 60, 'JO', 'San Jose de Ocoa'),
(960, 60, 'SJ', 'San Juan'),
(961, 60, 'PM', 'San Pedro de Macoris'),
(962, 60, 'SA', 'Santiago'),
(963, 60, 'ST', 'Santiago Rodriguez'),
(964, 60, 'SD', 'Santo Domingo'),
(965, 60, 'VA', 'Valverde'),
(966, 61, 'AL', 'Aileu'),
(967, 61, 'AN', 'Ainaro'),
(968, 61, 'BA', 'Baucau'),
(969, 61, 'BO', 'Bobonaro'),
(970, 61, 'CO', 'Cova Lima'),
(971, 61, 'DI', 'Dili'),
(972, 61, 'ER', 'Ermera'),
(973, 61, 'LA', 'Lautem'),
(974, 61, 'LI', 'Liquica'),
(975, 61, 'MT', 'Manatuto'),
(976, 61, 'MF', 'Manufahi'),
(977, 61, 'OE', 'Oecussi'),
(978, 61, 'VI', 'Viqueque'),
(979, 62, 'AZU', 'Azuay'),
(980, 62, 'BOL', 'Bolivar'),
(981, 62, 'CAN', 'Ca&ntilde;ar'),
(982, 62, 'CAR', 'Carchi'),
(983, 62, 'CHI', 'Chimborazo'),
(984, 62, 'COT', 'Cotopaxi'),
(985, 62, 'EOR', 'El Oro'),
(986, 62, 'ESM', 'Esmeraldas'),
(987, 62, 'GPS', 'Gal&aacute;pagos'),
(988, 62, 'GUA', 'Guayas'),
(989, 62, 'IMB', 'Imbabura'),
(990, 62, 'LOJ', 'Loja'),
(991, 62, 'LRO', 'Los Ros'),
(992, 62, 'MAN', 'Manab&iacute;'),
(993, 62, 'MSA', 'Morona Santiago'),
(994, 62, 'NAP', 'Napo'),
(995, 62, 'ORE', 'Orellana'),
(996, 62, 'PAS', 'Pastaza'),
(997, 62, 'PIC', 'Pichincha'),
(998, 62, 'SUC', 'Sucumb&iacute;os'),
(999, 62, 'TUN', 'Tungurahua'),
(1000, 62, 'ZCH', 'Zamora Chinchipe'),
(1001, 63, 'DHY', 'Ad Daqahliyah'),
(1002, 63, 'BAM', 'Al Bahr al Ahmar'),
(1003, 63, 'BHY', 'Al Buhayrah'),
(1004, 63, 'FYM', 'Al Fayyum'),
(1005, 63, 'GBY', 'Al Gharbiyah'),
(1006, 63, 'IDR', 'Al Iskandariyah'),
(1007, 63, 'IML', 'Al Isma''iliyah'),
(1008, 63, 'JZH', 'Al Jizah'),
(1009, 63, 'MFY', 'Al Minufiyah'),
(1010, 63, 'MNY', 'Al Minya'),
(1011, 63, 'QHR', 'Al Qahirah'),
(1012, 63, 'QLY', 'Al Qalyubiyah'),
(1013, 63, 'WJD', 'Al Wadi al Jadid'),
(1014, 63, 'SHQ', 'Ash Sharqiyah'),
(1015, 63, 'SWY', 'As Suways'),
(1016, 63, 'ASW', 'Aswan'),
(1017, 63, 'ASY', 'Asyut'),
(1018, 63, 'BSW', 'Bani Suwayf'),
(1019, 63, 'BSD', 'Bur Sa''id'),
(1020, 63, 'DMY', 'Dumyat'),
(1021, 63, 'JNS', 'Janub Sina'''),
(1022, 63, 'KSH', 'Kafr ash Shaykh'),
(1023, 63, 'MAT', 'Matruh'),
(1024, 63, 'QIN', 'Qina'),
(1025, 63, 'SHS', 'Shamal Sina'''),
(1026, 63, 'SUH', 'Suhaj'),
(1027, 64, 'AH', 'Ahuachapan'),
(1028, 64, 'CA', 'Cabanas'),
(1029, 64, 'CH', 'Chalatenango'),
(1030, 64, 'CU', 'Cuscatlan'),
(1031, 64, 'LB', 'La Libertad'),
(1032, 64, 'PZ', 'La Paz'),
(1033, 64, 'UN', 'La Union'),
(1034, 64, 'MO', 'Morazan'),
(1035, 64, 'SM', 'San Miguel'),
(1036, 64, 'SS', 'San Salvador'),
(1037, 64, 'SV', 'San Vicente'),
(1038, 64, 'SA', 'Santa Ana'),
(1039, 64, 'SO', 'Sonsonate'),
(1040, 64, 'US', 'Usulutan'),
(1041, 65, 'AN', 'Provincia Annobon'),
(1042, 65, 'BN', 'Provincia Bioko Norte'),
(1043, 65, 'BS', 'Provincia Bioko Sur'),
(1044, 65, 'CS', 'Provincia Centro Sur'),
(1045, 65, 'KN', 'Provincia Kie-Ntem'),
(1046, 65, 'LI', 'Provincia Litoral'),
(1047, 65, 'WN', 'Provincia Wele-Nzas'),
(1048, 66, 'MA', 'Central (Maekel)'),
(1049, 66, 'KE', 'Anseba (Keren)'),
(1050, 66, 'DK', 'Southern Red Sea (Debub-Keih-Bah'),
(1051, 66, 'SK', 'Northern Red Sea (Semien-Keih-Ba'),
(1052, 66, 'DE', 'Southern (Debub)'),
(1053, 66, 'BR', 'Gash-Barka (Barentu)'),
(1054, 67, 'HA', 'Harjumaa (Tallinn)'),
(1055, 67, 'HI', 'Hiiumaa (Kardla)'),
(1056, 67, 'IV', 'Ida-Virumaa (Johvi)'),
(1057, 67, 'JA', 'Jarvamaa (Paide)'),
(1058, 67, 'JO', 'Jogevamaa (Jogeva)'),
(1059, 67, 'LV', 'Laane-Virumaa (Rakvere)'),
(1060, 67, 'LA', 'Laanemaa (Haapsalu)'),
(1061, 67, 'PA', 'Parnumaa (Parnu)'),
(1062, 67, 'PO', 'Polvamaa (Polva)'),
(1063, 67, 'RA', 'Raplamaa (Rapla)'),
(1064, 67, 'SA', 'Saaremaa (Kuessaare)'),
(1065, 67, 'TA', 'Tartumaa (Tartu)'),
(1066, 67, 'VA', 'Valgamaa (Valga)'),
(1067, 67, 'VI', 'Viljandimaa (Viljandi)'),
(1068, 67, 'VO', 'Vorumaa (Voru)'),
(1069, 68, 'AF', 'Afar'),
(1070, 68, 'AH', 'Amhara'),
(1071, 68, 'BG', 'Benishangul-Gumaz'),
(1072, 68, 'GB', 'Gambela'),
(1073, 68, 'HR', 'Hariai'),
(1074, 68, 'OR', 'Oromia'),
(1075, 68, 'SM', 'Somali'),
(1076, 68, 'SN', 'Southern Nations - Nationalities'),
(1077, 68, 'TG', 'Tigray'),
(1078, 68, 'AA', 'Addis Ababa'),
(1079, 68, 'DD', 'Dire Dawa'),
(1080, 71, 'C', 'Central Division'),
(1081, 71, 'N', 'Northern Division'),
(1082, 71, 'E', 'Eastern Division'),
(1083, 71, 'W', 'Western Division'),
(1084, 71, 'R', 'Rotuma'),
(1085, 72, 'AL', 'Ahvenanmaan Laani'),
(1086, 72, 'ES', 'Etela-Suomen Laani'),
(1087, 72, 'IS', 'Ita-Suomen Laani'),
(1088, 72, 'LS', 'Lansi-Suomen Laani'),
(1089, 72, 'LA', 'Lapin Lanani'),
(1090, 72, 'OU', 'Oulun Laani'),
(1091, 73, 'AL', 'Alsace'),
(1092, 73, 'AQ', 'Aquitaine'),
(1093, 73, 'AU', 'Auvergne'),
(1094, 73, 'BR', 'Brittany'),
(1095, 73, 'BU', 'Burgundy'),
(1096, 73, 'CE', 'Center Loire Valley'),
(1097, 73, 'CH', 'Champagne'),
(1098, 73, 'CO', 'Corse'),
(1099, 73, 'FR', 'France Comte'),
(1100, 73, 'LA', 'Languedoc Roussillon'),
(1101, 73, 'LI', 'Limousin'),
(1102, 73, 'LO', 'Lorraine'),
(1103, 73, 'MI', 'Midi Pyrenees'),
(1104, 73, 'NO', 'Nord Pas de Calais'),
(1105, 73, 'NR', 'Normandy'),
(1106, 73, 'PA', 'Paris / Ill de France'),
(1107, 73, 'PI', 'Picardie'),
(1108, 73, 'PO', 'Poitou Charente'),
(1109, 73, 'PR', 'Provence'),
(1110, 73, 'RH', 'Rhone Alps'),
(1111, 73, 'RI', 'Riviera'),
(1112, 73, 'WE', 'Western Loire Valley'),
(1113, 74, 'Et', 'Etranger'),
(1114, 74, '01', 'Ain'),
(1115, 74, '02', 'Aisne'),
(1116, 74, '03', 'Allier'),
(1117, 74, '04', 'Alpes de Haute Provence'),
(1118, 74, '05', 'Hautes-Alpes'),
(1119, 74, '06', 'Alpes Maritimes'),
(1120, 74, '07', 'Ard&egrave;che'),
(1121, 74, '08', 'Ardennes'),
(1122, 74, '09', 'Ari&egrave;ge'),
(1123, 74, '10', 'Aube'),
(1124, 74, '11', 'Aude'),
(1125, 74, '12', 'Aveyron'),
(1126, 74, '13', 'Bouches du Rh&ocirc;ne'),
(1127, 74, '14', 'Calvados'),
(1128, 74, '15', 'Cantal'),
(1129, 74, '16', 'Charente'),
(1130, 74, '17', 'Charente Maritime'),
(1131, 74, '18', 'Cher'),
(1132, 74, '19', 'Corr&egrave;ze'),
(1133, 74, '2A', 'Corse du Sud'),
(1134, 74, '2B', 'Haute Corse'),
(1135, 74, '21', 'C&ocirc;te d''or'),
(1136, 74, '22', 'C&ocirc;tes d''Armor'),
(1137, 74, '23', 'Creuse'),
(1138, 74, '24', 'Dordogne'),
(1139, 74, '25', 'Doubs'),
(1140, 74, '26', 'Dr&ocirc;me'),
(1141, 74, '27', 'Eure'),
(1142, 74, '28', 'Eure et Loir'),
(1143, 74, '29', 'Finist&egrave;re'),
(1144, 74, '30', 'Gard'),
(1145, 74, '31', 'Haute Garonne'),
(1146, 74, '32', 'Gers'),
(1147, 74, '33', 'Gironde'),
(1148, 74, '34', 'H&eacute;rault'),
(1149, 74, '35', 'Ille et Vilaine'),
(1150, 74, '36', 'Indre'),
(1151, 74, '37', 'Indre et Loire'),
(1152, 74, '38', 'Is&eacute;re'),
(1153, 74, '39', 'Jura'),
(1154, 74, '40', 'Landes'),
(1155, 74, '41', 'Loir et Cher'),
(1156, 74, '42', 'Loire'),
(1157, 74, '43', 'Haute Loire'),
(1158, 74, '44', 'Loire Atlantique'),
(1159, 74, '45', 'Loiret'),
(1160, 74, '46', 'Lot'),
(1161, 74, '47', 'Lot et Garonne'),
(1162, 74, '48', 'Loz&egrave;re'),
(1163, 74, '49', 'Maine et Loire'),
(1164, 74, '50', 'Manche'),
(1165, 74, '51', 'Marne'),
(1166, 74, '52', 'Haute Marne'),
(1167, 74, '53', 'Mayenne'),
(1168, 74, '54', 'Meurthe et Moselle'),
(1169, 74, '55', 'Meuse'),
(1170, 74, '56', 'Morbihan'),
(1171, 74, '57', 'Moselle'),
(1172, 74, '58', 'Ni&egrave;vre'),
(1173, 74, '59', 'Nord'),
(1174, 74, '60', 'Oise'),
(1175, 74, '61', 'Orne'),
(1176, 74, '62', 'Pas de Calais'),
(1177, 74, '63', 'Puy de D&ocirc;me'),
(1178, 74, '64', 'Pyr&eacute;n&eacute;es Atlantiqu'),
(1179, 74, '65', 'Hautes Pyr&eacute;n&eacute;es'),
(1180, 74, '66', 'Pyr&eacute;n&eacute;es Orientale'),
(1181, 74, '67', 'Bas Rhin'),
(1182, 74, '68', 'Haut Rhin'),
(1183, 74, '69', 'Rh&ocirc;ne'),
(1184, 74, '70', 'Haute Sa&ocirc;ne'),
(1185, 74, '71', 'Sa&ocirc;ne et Loire'),
(1186, 74, '72', 'Sarthe'),
(1187, 74, '73', 'Savoie'),
(1188, 74, '74', 'Haute Savoie'),
(1189, 74, '75', 'Paris'),
(1190, 74, '76', 'Seine Maritime'),
(1191, 74, '77', 'Seine et Marne'),
(1192, 74, '78', 'Yvelines'),
(1193, 74, '79', 'Deux S&egrave;vres'),
(1194, 74, '80', 'Somme'),
(1195, 74, '81', 'Tarn'),
(1196, 74, '82', 'Tarn et Garonne'),
(1197, 74, '83', 'Var'),
(1198, 74, '84', 'Vaucluse'),
(1199, 74, '85', 'Vend&eacute;e'),
(1200, 74, '86', 'Vienne'),
(1201, 74, '87', 'Haute Vienne'),
(1202, 74, '88', 'Vosges'),
(1203, 74, '89', 'Yonne'),
(1204, 74, '90', 'Territoire de Belfort'),
(1205, 74, '91', 'Essonne'),
(1206, 74, '92', 'Hauts de Seine'),
(1207, 74, '93', 'Seine St-Denis'),
(1208, 74, '94', 'Val de Marne'),
(1209, 74, '95', 'Val d''Oise'),
(1210, 76, 'M', 'Archipel des Marquises'),
(1211, 76, 'T', 'Archipel des Tuamotu'),
(1212, 76, 'I', 'Archipel des Tubuai'),
(1213, 76, 'V', 'Iles du Vent'),
(1214, 76, 'S', 'Iles Sous-le-Vent '),
(1215, 77, 'C', 'Iles Crozet'),
(1216, 77, 'K', 'Iles Kerguelen'),
(1217, 77, 'A', 'Ile Amsterdam'),
(1218, 77, 'P', 'Ile Saint-Paul'),
(1219, 77, 'D', 'Adelie Land'),
(1220, 78, 'ES', 'Estuaire'),
(1221, 78, 'HO', 'Haut-Ogooue'),
(1222, 78, 'MO', 'Moyen-Ogooue'),
(1223, 78, 'NG', 'Ngounie'),
(1224, 78, 'NY', 'Nyanga'),
(1225, 78, 'OI', 'Ogooue-Ivindo'),
(1226, 78, 'OL', 'Ogooue-Lolo'),
(1227, 78, 'OM', 'Ogooue-Maritime'),
(1228, 78, 'WN', 'Woleu-Ntem'),
(1229, 79, 'BJ', 'Banjul'),
(1230, 79, 'BS', 'Basse'),
(1231, 79, 'BR', 'Brikama'),
(1232, 79, 'JA', 'Janjangbure'),
(1233, 79, 'KA', 'Kanifeng'),
(1234, 79, 'KE', 'Kerewan'),
(1235, 79, 'KU', 'Kuntaur'),
(1236, 79, 'MA', 'Mansakonko'),
(1237, 79, 'LR', 'Lower River'),
(1238, 79, 'CR', 'Central River'),
(1239, 79, 'NB', 'North Bank'),
(1240, 79, 'UR', 'Upper River'),
(1241, 79, 'WE', 'Western'),
(1242, 80, 'AB', 'Abkhazia'),
(1243, 80, 'AJ', 'Ajaria'),
(1244, 80, 'TB', 'Tbilisi'),
(1245, 80, 'GU', 'Guria'),
(1246, 80, 'IM', 'Imereti'),
(1247, 80, 'KA', 'Kakheti'),
(1248, 80, 'KK', 'Kvemo Kartli'),
(1249, 80, 'MM', 'Mtskheta-Mtianeti'),
(1250, 80, 'RL', 'Racha Lechkhumi and Kvemo Svanet'),
(1251, 80, 'SZ', 'Samegrelo-Zemo Svaneti'),
(1252, 80, 'SJ', 'Samtskhe-Javakheti'),
(1253, 80, 'SK', 'Shida Kartli'),
(1254, 81, 'BAW', 'Baden-W&uuml;rttemberg'),
(1255, 81, 'BAY', 'Bayern'),
(1256, 81, 'BER', 'Berlin'),
(1257, 81, 'BRG', 'Brandenburg'),
(1258, 81, 'BRE', 'Bremen'),
(1259, 81, 'HAM', 'Hamburg'),
(1260, 81, 'HES', 'Hessen'),
(1261, 81, 'MEC', 'Mecklenburg-Vorpommern'),
(1262, 81, 'NDS', 'Niedersachsen'),
(1263, 81, 'NRW', 'Nordrhein-Westfalen'),
(1264, 81, 'RHE', 'Rheinland-Pfalz'),
(1265, 81, 'SAR', 'Saarland'),
(1266, 81, 'SAS', 'Sachsen'),
(1267, 81, 'SAC', 'Sachsen-Anhalt'),
(1268, 81, 'SCN', 'Schleswig-Holstein'),
(1269, 81, 'THE', 'Th&uuml;ringen'),
(1270, 82, 'AS', 'Ashanti Region'),
(1271, 82, 'BA', 'Brong-Ahafo Region'),
(1272, 82, 'CE', 'Central Region'),
(1273, 82, 'EA', 'Eastern Region'),
(1274, 82, 'GA', 'Greater Accra Region'),
(1275, 82, 'NO', 'Northern Region'),
(1276, 82, 'UE', 'Upper East Region'),
(1277, 82, 'UW', 'Upper West Region'),
(1278, 82, 'VO', 'Volta Region'),
(1279, 82, 'WE', 'Western Region'),
(1280, 84, 'AT', 'Attica'),
(1281, 84, 'CN', 'Central Greece'),
(1282, 84, 'CM', 'Central Macedonia'),
(1283, 84, 'CR', 'Crete'),
(1284, 84, 'EM', 'East Macedonia and Thrace'),
(1285, 84, 'EP', 'Epirus'),
(1286, 84, 'II', 'Ionian Islands'),
(1287, 84, 'NA', 'North Aegean'),
(1288, 84, 'PP', 'Peloponnesos'),
(1289, 84, 'SA', 'South Aegean'),
(1290, 84, 'TH', 'Thessaly'),
(1291, 84, 'WG', 'West Greece'),
(1292, 84, 'WM', 'West Macedonia'),
(1293, 85, 'A', 'Avannaa'),
(1294, 85, 'T', 'Tunu '),
(1295, 85, 'K', 'Kitaa'),
(1296, 86, 'A', 'Saint Andrew'),
(1297, 86, 'D', 'Saint David'),
(1298, 86, 'G', 'Saint George'),
(1299, 86, 'J', 'Saint John'),
(1300, 86, 'M', 'Saint Mark'),
(1301, 86, 'P', 'Saint Patrick'),
(1302, 86, 'C', 'Carriacou'),
(1303, 86, 'Q', 'Petit Martinique'),
(1304, 89, 'AV', 'Alta Verapaz'),
(1305, 89, 'BV', 'Baja Verapaz'),
(1306, 89, 'CM', 'Chimaltenango'),
(1307, 89, 'CQ', 'Chiquimula'),
(1308, 89, 'PE', 'El Peten'),
(1309, 89, 'PR', 'El Progreso'),
(1310, 89, 'QC', 'El Quiche'),
(1311, 89, 'ES', 'Escuintla'),
(1312, 89, 'GU', 'Guatemala'),
(1313, 89, 'HU', 'Huehuetenango'),
(1314, 89, 'IZ', 'Izabal'),
(1315, 89, 'JA', 'Jalapa'),
(1316, 89, 'JU', 'Jutiapa'),
(1317, 89, 'QZ', 'Quetzaltenango'),
(1318, 89, 'RE', 'Retalhuleu'),
(1319, 89, 'ST', 'Sacatepequez'),
(1320, 89, 'SM', 'San Marcos'),
(1321, 89, 'SR', 'Santa Rosa'),
(1322, 89, 'SO', 'Solola'),
(1323, 89, 'SU', 'Suchitepequez'),
(1324, 89, 'TO', 'Totonicapan'),
(1325, 89, 'ZA', 'Zacapa'),
(1326, 90, 'CNK', 'Conakry'),
(1327, 90, 'BYL', 'Beyla'),
(1328, 90, 'BFA', 'Boffa'),
(1329, 90, 'BOK', 'Boke'),
(1330, 90, 'COY', 'Coyah'),
(1331, 90, 'DBL', 'Dabola'),
(1332, 90, 'DLB', 'Dalaba'),
(1333, 90, 'DGR', 'Dinguiraye'),
(1334, 90, 'DBR', 'Dubreka'),
(1335, 90, 'FRN', 'Faranah'),
(1336, 90, 'FRC', 'Forecariah'),
(1337, 90, 'FRI', 'Fria'),
(1338, 90, 'GAO', 'Gaoual'),
(1339, 90, 'GCD', 'Gueckedou'),
(1340, 90, 'KNK', 'Kankan'),
(1341, 90, 'KRN', 'Kerouane'),
(1342, 90, 'KND', 'Kindia'),
(1343, 90, 'KSD', 'Kissidougou'),
(1344, 90, 'KBA', 'Koubia'),
(1345, 90, 'KDA', 'Koundara'),
(1346, 90, 'KRA', 'Kouroussa'),
(1347, 90, 'LAB', 'Labe'),
(1348, 90, 'LLM', 'Lelouma'),
(1349, 90, 'LOL', 'Lola'),
(1350, 90, 'MCT', 'Macenta'),
(1351, 90, 'MAL', 'Mali'),
(1352, 90, 'MAM', 'Mamou'),
(1353, 90, 'MAN', 'Mandiana'),
(1354, 90, 'NZR', 'Nzerekore'),
(1355, 90, 'PIT', 'Pita'),
(1356, 90, 'SIG', 'Siguiri'),
(1357, 90, 'TLM', 'Telimele'),
(1358, 90, 'TOG', 'Tougue'),
(1359, 90, 'YOM', 'Yomou'),
(1360, 91, 'BF', 'Bafata Region'),
(1361, 91, 'BB', 'Biombo Region'),
(1362, 91, 'BS', 'Bissau Region'),
(1363, 91, 'BL', 'Bolama Region'),
(1364, 91, 'CA', 'Cacheu Region'),
(1365, 91, 'GA', 'Gabu Region'),
(1366, 91, 'OI', 'Oio Region'),
(1367, 91, 'QU', 'Quinara Region'),
(1368, 91, 'TO', 'Tombali Region'),
(1369, 92, 'BW', 'Barima-Waini'),
(1370, 92, 'CM', 'Cuyuni-Mazaruni'),
(1371, 92, 'DM', 'Demerara-Mahaica'),
(1372, 92, 'EC', 'East Berbice-Corentyne'),
(1373, 92, 'EW', 'Essequibo Islands-West Demerara'),
(1374, 92, 'MB', 'Mahaica-Berbice'),
(1375, 92, 'PM', 'Pomeroon-Supenaam'),
(1376, 92, 'PI', 'Potaro-Siparuni'),
(1377, 92, 'UD', 'Upper Demerara-Berbice'),
(1378, 92, 'UT', 'Upper Takutu-Upper Essequibo'),
(1379, 93, 'AR', 'Artibonite'),
(1380, 93, 'CE', 'Centre'),
(1381, 93, 'GA', 'Grand''Anse'),
(1382, 93, 'ND', 'Nord'),
(1383, 93, 'NE', 'Nord-Est'),
(1384, 93, 'NO', 'Nord-Ouest'),
(1385, 93, 'OU', 'Ouest'),
(1386, 93, 'SD', 'Sud'),
(1387, 93, 'SE', 'Sud-Est'),
(1388, 94, 'F', 'Flat Island'),
(1389, 94, 'M', 'McDonald Island'),
(1390, 94, 'S', 'Shag Island'),
(1391, 94, 'H', 'Heard Island'),
(1392, 95, 'AT', 'Atlantida'),
(1393, 95, 'CH', 'Choluteca'),
(1394, 95, 'CL', 'Colon'),
(1395, 95, 'CM', 'Comayagua'),
(1396, 95, 'CP', 'Copan'),
(1397, 95, 'CR', 'Cortes'),
(1398, 95, 'PA', 'El Paraiso'),
(1399, 95, 'FM', 'Francisco Morazan'),
(1400, 95, 'GD', 'Gracias a Dios'),
(1401, 95, 'IN', 'Intibuca'),
(1402, 95, 'IB', 'Islas de la Bahia (Bay Islands)'),
(1403, 95, 'PZ', 'La Paz'),
(1404, 95, 'LE', 'Lempira'),
(1405, 95, 'OC', 'Ocotepeque'),
(1406, 95, 'OL', 'Olancho'),
(1407, 95, 'SB', 'Santa Barbara'),
(1408, 95, 'VA', 'Valle'),
(1409, 95, 'YO', 'Yoro'),
(1410, 96, 'HCW', 'Central and Western Hong Kong Is'),
(1411, 96, 'HEA', 'Eastern Hong Kong Island'),
(1412, 96, 'HSO', 'Southern Hong Kong Island'),
(1413, 96, 'HWC', 'Wan Chai Hong Kong Island'),
(1414, 96, 'KKC', 'Kowloon City Kowloon'),
(1415, 96, 'KKT', 'Kwun Tong Kowloon'),
(1416, 96, 'KSS', 'Sham Shui Po Kowloon'),
(1417, 96, 'KWT', 'Wong Tai Sin Kowloon'),
(1418, 96, 'KYT', 'Yau Tsim Mong Kowloon'),
(1419, 96, 'NIS', 'Islands New Territories'),
(1420, 96, 'NKT', 'Kwai Tsing New Territories'),
(1421, 96, 'NNO', 'North New Territories'),
(1422, 96, 'NSK', 'Sai Kung New Territories'),
(1423, 96, 'NST', 'Sha Tin New Territories'),
(1424, 96, 'NTP', 'Tai Po New Territories'),
(1425, 96, 'NTW', 'Tsuen Wan New Territories'),
(1426, 96, 'NTM', 'Tuen Mun New Territories'),
(1427, 96, 'NYL', 'Yuen Long New Territories'),
(1428, 97, 'BK', 'Bacs-Kiskun'),
(1429, 97, 'BA', 'Baranya'),
(1430, 97, 'BE', 'Bekes'),
(1431, 97, 'BS', 'Bekescsaba'),
(1432, 97, 'BZ', 'Borsod-Abauj-Zemplen'),
(1433, 97, 'BU', 'Budapest'),
(1434, 97, 'CS', 'Csongrad'),
(1435, 97, 'DE', 'Debrecen'),
(1436, 97, 'DU', 'Dunaujvaros'),
(1437, 97, 'EG', 'Eger'),
(1438, 97, 'FE', 'Fejer'),
(1439, 97, 'GY', 'Gyor'),
(1440, 97, 'GM', 'Gyor-Moson-Sopron'),
(1441, 97, 'HB', 'Hajdu-Bihar'),
(1442, 97, 'HE', 'Heves'),
(1443, 97, 'HO', 'Hodmezovasarhely'),
(1444, 97, 'JN', 'Jasz-Nagykun-Szolnok'),
(1445, 97, 'KA', 'Kaposvar'),
(1446, 97, 'KE', 'Kecskemet'),
(1447, 97, 'KO', 'Komarom-Esztergom'),
(1448, 97, 'MI', 'Miskolc'),
(1449, 97, 'NA', 'Nagykanizsa'),
(1450, 97, 'NO', 'Nograd'),
(1451, 97, 'NY', 'Nyiregyhaza'),
(1452, 97, 'PE', 'Pecs'),
(1453, 97, 'PS', 'Pest'),
(1454, 97, 'SO', 'Somogy'),
(1455, 97, 'SP', 'Sopron'),
(1456, 97, 'SS', 'Szabolcs-Szatmar-Bereg'),
(1457, 97, 'SZ', 'Szeged'),
(1458, 97, 'SE', 'Szekesfehervar'),
(1459, 97, 'SL', 'Szolnok'),
(1460, 97, 'SM', 'Szombathely'),
(1461, 97, 'TA', 'Tatabanya'),
(1462, 97, 'TO', 'Tolna'),
(1463, 97, 'VA', 'Vas'),
(1464, 97, 'VE', 'Veszprem'),
(1465, 97, 'ZA', 'Zala'),
(1466, 97, 'ZZ', 'Zalaegerszeg'),
(1467, 98, 'AL', 'Austurland'),
(1468, 98, 'HF', 'Hofuoborgarsvaeoi'),
(1469, 98, 'NE', 'Norourland eystra'),
(1470, 98, 'NV', 'Norourland vestra'),
(1471, 98, 'SL', 'Suourland'),
(1472, 98, 'SN', 'Suournes'),
(1473, 98, 'VF', 'Vestfiroir'),
(1474, 98, 'VL', 'Vesturland'),
(1475, 99, 'AN', 'Andaman and Nicobar Islands'),
(1476, 99, 'AP', 'Andhra Pradesh'),
(1477, 99, 'AR', 'Arunachal Pradesh'),
(1478, 99, 'AS', 'Assam'),
(1479, 99, 'BI', 'Bihar'),
(1480, 99, 'CH', 'Chandigarh'),
(1481, 99, 'DA', 'Dadra and Nagar Haveli'),
(1482, 99, 'DM', 'Daman and Diu'),
(1483, 99, 'DE', 'Delhi'),
(1484, 99, 'GO', 'Goa'),
(1485, 99, 'GU', 'Gujarat'),
(1486, 99, 'HA', 'Haryana'),
(1487, 99, 'HP', 'Himachal Pradesh'),
(1488, 99, 'JA', 'Jammu and Kashmir'),
(1489, 99, 'KA', 'Karnataka'),
(1490, 99, 'KE', 'Kerala'),
(1491, 99, 'LI', 'Lakshadweep Islands'),
(1492, 99, 'MP', 'Madhya Pradesh'),
(1493, 99, 'MA', 'Maharashtra'),
(1494, 99, 'MN', 'Manipur'),
(1495, 99, 'ME', 'Meghalaya'),
(1496, 99, 'MI', 'Mizoram'),
(1497, 99, 'NA', 'Nagaland'),
(1498, 99, 'OR', 'Orissa'),
(1499, 99, 'PO', 'Pondicherry'),
(1500, 99, 'PU', 'Punjab'),
(1501, 99, 'RA', 'Rajasthan'),
(1502, 99, 'SI', 'Sikkim'),
(1503, 99, 'TN', 'Tamil Nadu'),
(1504, 99, 'TR', 'Tripura'),
(1505, 99, 'UP', 'Uttar Pradesh'),
(1506, 99, 'WB', 'West Bengal'),
(1507, 100, 'AC', 'Aceh'),
(1508, 100, 'BA', 'Bali'),
(1509, 100, 'BT', 'Banten'),
(1510, 100, 'BE', 'Bengkulu'),
(1511, 100, 'BD', 'BoDeTaBek'),
(1512, 100, 'GO', 'Gorontalo'),
(1513, 100, 'JK', 'Jakarta Raya'),
(1514, 100, 'JA', 'Jambi'),
(1515, 100, 'JB', 'Jawa Barat'),
(1516, 100, 'JT', 'Jawa Tengah'),
(1517, 100, 'JI', 'Jawa Timur'),
(1518, 100, 'KB', 'Kalimantan Barat'),
(1519, 100, 'KS', 'Kalimantan Selatan'),
(1520, 100, 'KT', 'Kalimantan Tengah'),
(1521, 100, 'KI', 'Kalimantan Timur'),
(1522, 100, 'BB', 'Kepulauan Bangka Belitung'),
(1523, 100, 'LA', 'Lampung'),
(1524, 100, 'MA', 'Maluku'),
(1525, 100, 'MU', 'Maluku Utara'),
(1526, 100, 'NB', 'Nusa Tenggara Barat'),
(1527, 100, 'NT', 'Nusa Tenggara Timur'),
(1528, 100, 'PA', 'Papua'),
(1529, 100, 'RI', 'Riau'),
(1530, 100, 'SN', 'Sulawesi Selatan'),
(1531, 100, 'ST', 'Sulawesi Tengah'),
(1532, 100, 'SG', 'Sulawesi Tenggara'),
(1533, 100, 'SA', 'Sulawesi Utara'),
(1534, 100, 'SB', 'Sumatera Barat'),
(1535, 100, 'SS', 'Sumatera Selatan'),
(1536, 100, 'SU', 'Sumatera Utara'),
(1537, 100, 'YO', 'Yogyakarta'),
(1538, 101, 'TEH', 'Tehran'),
(1539, 101, 'QOM', 'Qom'),
(1540, 101, 'MKZ', 'Markazi'),
(1541, 101, 'QAZ', 'Qazvin'),
(1542, 101, 'GIL', 'Gilan'),
(1543, 101, 'ARD', 'Ardabil'),
(1544, 101, 'ZAN', 'Zanjan'),
(1545, 101, 'EAZ', 'East Azarbaijan'),
(1546, 101, 'WEZ', 'West Azarbaijan'),
(1547, 101, 'KRD', 'Kurdistan'),
(1548, 101, 'HMD', 'Hamadan'),
(1549, 101, 'KRM', 'Kermanshah'),
(1550, 101, 'ILM', 'Ilam'),
(1551, 101, 'LRS', 'Lorestan'),
(1552, 101, 'KZT', 'Khuzestan'),
(1553, 101, 'CMB', 'Chahar Mahaal and Bakhtiari'),
(1554, 101, 'KBA', 'Kohkiluyeh and Buyer Ahmad'),
(1555, 101, 'BSH', 'Bushehr'),
(1556, 101, 'FAR', 'Fars'),
(1557, 101, 'HRM', 'Hormozgan'),
(1558, 101, 'SBL', 'Sistan and Baluchistan'),
(1559, 101, 'KRB', 'Kerman'),
(1560, 101, 'YZD', 'Yazd'),
(1561, 101, 'EFH', 'Esfahan'),
(1562, 101, 'SMN', 'Semnan'),
(1563, 101, 'MZD', 'Mazandaran'),
(1564, 101, 'GLS', 'Golestan'),
(1565, 101, 'NKH', 'North Khorasan'),
(1566, 101, 'RKH', 'Razavi Khorasan'),
(1567, 101, 'SKH', 'South Khorasan'),
(1568, 102, 'BD', 'Baghdad'),
(1569, 102, 'SD', 'Salah ad Din'),
(1570, 102, 'DY', 'Diyala'),
(1571, 102, 'WS', 'Wasit'),
(1572, 102, 'MY', 'Maysan'),
(1573, 102, 'BA', 'Al Basrah'),
(1574, 102, 'DQ', 'Dhi Qar'),
(1575, 102, 'MU', 'Al Muthanna'),
(1576, 102, 'QA', 'Al Qadisyah'),
(1577, 102, 'BB', 'Babil'),
(1578, 102, 'KB', 'Al Karbala'),
(1579, 102, 'NJ', 'An Najaf'),
(1580, 102, 'AB', 'Al Anbar'),
(1581, 102, 'NN', 'Ninawa'),
(1582, 102, 'DH', 'Dahuk'),
(1583, 102, 'AL', 'Arbil'),
(1584, 102, 'TM', 'At Ta''mim'),
(1585, 102, 'SL', 'As Sulaymaniyah'),
(1586, 103, 'CA', 'Carlow'),
(1587, 103, 'CV', 'Cavan'),
(1588, 103, 'CL', 'Clare'),
(1589, 103, 'CO', 'Cork'),
(1590, 103, 'DO', 'Donegal'),
(1591, 103, 'DU', 'Dublin'),
(1592, 103, 'GA', 'Galway'),
(1593, 103, 'KE', 'Kerry'),
(1594, 103, 'KI', 'Kildare'),
(1595, 103, 'KL', 'Kilkenny'),
(1596, 103, 'LA', 'Laois'),
(1597, 103, 'LE', 'Leitrim'),
(1598, 103, 'LI', 'Limerick'),
(1599, 103, 'LO', 'Longford'),
(1600, 103, 'LU', 'Louth'),
(1601, 103, 'MA', 'Mayo'),
(1602, 103, 'ME', 'Meath'),
(1603, 103, 'MO', 'Monaghan'),
(1604, 103, 'OF', 'Offaly'),
(1605, 103, 'RO', 'Roscommon'),
(1606, 103, 'SL', 'Sligo'),
(1607, 103, 'TI', 'Tipperary'),
(1608, 103, 'WA', 'Waterford'),
(1609, 103, 'WE', 'Westmeath'),
(1610, 103, 'WX', 'Wexford'),
(1611, 103, 'WI', 'Wicklow'),
(1612, 104, 'BS', 'Be''er Sheva'),
(1613, 104, 'BH', 'Bika''at Hayarden'),
(1614, 104, 'EA', 'Eilat and Arava'),
(1615, 104, 'GA', 'Galil'),
(1616, 104, 'HA', 'Haifa'),
(1617, 104, 'JM', 'Jehuda Mountains'),
(1618, 104, 'JE', 'Jerusalem'),
(1619, 104, 'NE', 'Negev'),
(1620, 104, 'SE', 'Semaria'),
(1621, 104, 'SH', 'Sharon'),
(1622, 104, 'TA', 'Tel Aviv (Gosh Dan)'),
(1623, 105, 'AB', 'Abruzzo'),
(1624, 105, 'BA', 'Basilicata'),
(1625, 105, 'CA', 'Calabria'),
(1626, 105, 'CP', 'Campania'),
(1627, 105, 'ER', 'Emilia Romagna'),
(1628, 105, 'FV', 'Friuli-Venezia Giulia'),
(1629, 105, 'LA', 'Lazio (Latium & Rome)'),
(1630, 105, 'TM', 'Le Marche (The Marches)'),
(1631, 105, 'LI', 'Liguria'),
(1632, 105, 'LO', 'Lombardia (Lombardy)'),
(1633, 105, 'MO', 'Molise'),
(1634, 105, 'PI', 'Piemonte (Piedmont)'),
(1635, 105, 'AP', 'Puglia (Apulia)'),
(1636, 105, 'SA', 'Sardegna (Sardinia)'),
(1637, 105, 'SI', 'Sicilia (Sicily)'),
(1638, 105, 'TU', 'Toscana (Tuscany)'),
(1639, 105, 'TR', 'Trentino Alto Adige'),
(1640, 105, 'UM', 'Umbria'),
(1641, 105, 'VA', 'Val d''Aosta'),
(1642, 105, 'VE', 'Veneto'),
(1643, 106, 'CLA', 'Clarendon Parish'),
(1644, 106, 'HAN', 'Hanover Parish'),
(1645, 106, 'KIN', 'Kingston Parish'),
(1646, 106, 'MAN', 'Manchester Parish'),
(1647, 106, 'POR', 'Portland Parish'),
(1648, 106, 'AND', 'Saint Andrew Parish'),
(1649, 106, 'ANN', 'Saint Ann Parish'),
(1650, 106, 'CAT', 'Saint Catherine Parish'),
(1651, 106, 'ELI', 'Saint Elizabeth Parish'),
(1652, 106, 'JAM', 'Saint James Parish'),
(1653, 106, 'MAR', 'Saint Mary Parish'),
(1654, 106, 'THO', 'Saint Thomas Parish'),
(1655, 106, 'TRL', 'Trelawny Parish'),
(1656, 106, 'WML', 'Westmoreland Parish'),
(1657, 107, 'AI', 'Aichi'),
(1658, 107, 'AK', 'Akita'),
(1659, 107, 'AO', 'Aomori'),
(1660, 107, 'CH', 'Chiba'),
(1661, 107, 'EH', 'Ehime'),
(1662, 107, 'FK', 'Fukui'),
(1663, 107, 'FU', 'Fukuoka'),
(1664, 107, 'FS', 'Fukushima'),
(1665, 107, 'GI', 'Gifu'),
(1666, 107, 'GU', 'Gumma'),
(1667, 107, 'HI', 'Hiroshima'),
(1668, 107, 'HO', 'Hokkaido'),
(1669, 107, 'HY', 'Hyogo'),
(1670, 107, 'IB', 'Ibaraki'),
(1671, 107, 'IS', 'Ishikawa'),
(1672, 107, 'IW', 'Iwate'),
(1673, 107, 'KA', 'Kagawa'),
(1674, 107, 'KG', 'Kagoshima'),
(1675, 107, 'KN', 'Kanagawa'),
(1676, 107, 'KO', 'Kochi'),
(1677, 107, 'KU', 'Kumamoto'),
(1678, 107, 'KY', 'Kyoto'),
(1679, 107, 'MI', 'Mie'),
(1680, 107, 'MY', 'Miyagi'),
(1681, 107, 'MZ', 'Miyazaki'),
(1682, 107, 'NA', 'Nagano'),
(1683, 107, 'NG', 'Nagasaki'),
(1684, 107, 'NR', 'Nara'),
(1685, 107, 'NI', 'Niigata'),
(1686, 107, 'OI', 'Oita'),
(1687, 107, 'OK', 'Okayama');
INSERT INTO zones (zone_id, zone_country_id, zone_code, zone_name) VALUES 
(1688, 107, 'ON', 'Okinawa'),
(1689, 107, 'OS', 'Osaka'),
(1690, 107, 'SA', 'Saga'),
(1691, 107, 'SI', 'Saitama'),
(1692, 107, 'SH', 'Shiga'),
(1693, 107, 'SM', 'Shimane'),
(1694, 107, 'SZ', 'Shizuoka'),
(1695, 107, 'TO', 'Tochigi'),
(1696, 107, 'TS', 'Tokushima'),
(1697, 107, 'TK', 'Tokyo'),
(1698, 107, 'TT', 'Tottori'),
(1699, 107, 'TY', 'Toyama'),
(1700, 107, 'WA', 'Wakayama'),
(1701, 107, 'YA', 'Yamagata'),
(1702, 107, 'YM', 'Yamaguchi'),
(1703, 107, 'YN', 'Yamanashi'),
(1704, 108, 'AM', '''Amman'),
(1705, 108, 'AJ', 'Ajlun'),
(1706, 108, 'AA', 'Al ''Aqabah'),
(1707, 108, 'AB', 'Al Balqa'''),
(1708, 108, 'AK', 'Al Karak'),
(1709, 108, 'AL', 'Al Mafraq'),
(1710, 108, 'AT', 'At Tafilah'),
(1711, 108, 'AZ', 'Az Zarqa'''),
(1712, 108, 'IR', 'Irbid'),
(1713, 108, 'JA', 'Jarash'),
(1714, 108, 'MA', 'Ma''an'),
(1715, 108, 'MD', 'Madaba'),
(1716, 109, 'AL', 'Almaty'),
(1717, 109, 'AC', 'Almaty City'),
(1718, 109, 'AM', 'Aqmola'),
(1719, 109, 'AQ', 'Aqtobe'),
(1720, 109, 'AS', 'Astana City'),
(1721, 109, 'AT', 'Atyrau'),
(1722, 109, 'BA', 'Batys Qazaqstan'),
(1723, 109, 'BY', 'Bayqongyr City'),
(1724, 109, 'MA', 'Mangghystau'),
(1725, 109, 'ON', 'Ongtustik Qazaqstan'),
(1726, 109, 'PA', 'Pavlodar'),
(1727, 109, 'QA', 'Qaraghandy'),
(1728, 109, 'QO', 'Qostanay'),
(1729, 109, 'QY', 'Qyzylorda'),
(1730, 109, 'SH', 'Shyghys Qazaqstan'),
(1731, 109, 'SO', 'Soltustik Qazaqstan'),
(1732, 109, 'ZH', 'Zhambyl'),
(1733, 110, 'CE', 'Central'),
(1734, 110, 'CO', 'Coast'),
(1735, 110, 'EA', 'Eastern'),
(1736, 110, 'NA', 'Nairobi Area'),
(1737, 110, 'NE', 'North Eastern'),
(1738, 110, 'NY', 'Nyanza'),
(1739, 110, 'RV', 'Rift Valley'),
(1740, 110, 'WE', 'Western'),
(1741, 111, 'AG', 'Abaiang'),
(1742, 111, 'AM', 'Abemama'),
(1743, 111, 'AK', 'Aranuka'),
(1744, 111, 'AO', 'Arorae'),
(1745, 111, 'BA', 'Banaba'),
(1746, 111, 'BE', 'Beru'),
(1747, 111, 'bT', 'Butaritari'),
(1748, 111, 'KA', 'Kanton'),
(1749, 111, 'KR', 'Kiritimati'),
(1750, 111, 'KU', 'Kuria'),
(1751, 111, 'MI', 'Maiana'),
(1752, 111, 'MN', 'Makin'),
(1753, 111, 'ME', 'Marakei'),
(1754, 111, 'NI', 'Nikunau'),
(1755, 111, 'NO', 'Nonouti'),
(1756, 111, 'ON', 'Onotoa'),
(1757, 111, 'TT', 'Tabiteuea'),
(1758, 111, 'TR', 'Tabuaeran'),
(1759, 111, 'TM', 'Tamana'),
(1760, 111, 'TW', 'Tarawa'),
(1761, 111, 'TE', 'Teraina'),
(1762, 112, 'CHA', 'Chagang-do'),
(1763, 112, 'HAB', 'Hamgyong-bukto'),
(1764, 112, 'HAN', 'Hamgyong-namdo'),
(1765, 112, 'HWB', 'Hwanghae-bukto'),
(1766, 112, 'HWN', 'Hwanghae-namdo'),
(1767, 112, 'KAN', 'Kangwon-do'),
(1768, 112, 'PYB', 'P''yongan-bukto'),
(1769, 112, 'PYN', 'P''yongan-namdo'),
(1770, 112, 'YAN', 'Ryanggang-do (Yanggang-do)'),
(1771, 112, 'NAJ', 'Rason Directly Governed City'),
(1772, 112, 'PYO', 'P''yongyang Special City'),
(1773, 113, 'CO', 'Ch''ungch''ong-bukto'),
(1774, 113, 'CH', 'Ch''ungch''ong-namdo'),
(1775, 113, 'CD', 'Cheju-do'),
(1776, 113, 'CB', 'Cholla-bukto'),
(1777, 113, 'CN', 'Cholla-namdo'),
(1778, 113, 'IG', 'Inch''on-gwangyoksi'),
(1779, 113, 'KA', 'Kangwon-do'),
(1780, 113, 'KG', 'Kwangju-gwangyoksi'),
(1781, 113, 'KD', 'Kyonggi-do'),
(1782, 113, 'KB', 'Kyongsang-bukto'),
(1783, 113, 'KN', 'Kyongsang-namdo'),
(1784, 113, 'PG', 'Pusan-gwangyoksi'),
(1785, 113, 'SO', 'Soul-t''ukpyolsi'),
(1786, 113, 'TA', 'Taegu-gwangyoksi'),
(1787, 113, 'TG', 'Taejon-gwangyoksi'),
(1788, 114, 'AL', 'Al ''Asimah'),
(1789, 114, 'AA', 'Al Ahmadi'),
(1790, 114, 'AF', 'Al Farwaniyah'),
(1791, 114, 'AJ', 'Al Jahra'''),
(1792, 114, 'HA', 'Hawalli'),
(1793, 115, 'GB', 'Bishkek'),
(1794, 115, 'B', 'Batken'),
(1795, 115, 'C', 'Chu'),
(1796, 115, 'J', 'Jalal-Abad'),
(1797, 115, 'N', 'Naryn'),
(1798, 115, 'O', 'Osh'),
(1799, 115, 'T', 'Talas'),
(1800, 115, 'Y', 'Ysyk-Kol'),
(1801, 116, 'VT', 'Vientiane'),
(1802, 116, 'AT', 'Attapu'),
(1803, 116, 'BK', 'Bokeo'),
(1804, 116, 'BL', 'Bolikhamxai'),
(1805, 116, 'CH', 'Champasak '),
(1806, 116, 'HO', 'Houaphan'),
(1807, 116, 'KH', 'Khammouan'),
(1808, 116, 'LM', 'Louang Namtha'),
(1809, 116, 'LP', 'Louangphabang'),
(1810, 116, 'OU', 'Oudomxai'),
(1811, 116, 'PH', 'Phongsali'),
(1812, 116, 'SL', 'Salavan'),
(1813, 116, 'SV', 'Savannakhet'),
(1814, 116, 'VI', 'Vientiane'),
(1815, 116, 'XA', 'Xaignabouli'),
(1816, 116, 'XE', 'Xekong'),
(1817, 116, 'XI', 'Xiangkhoang'),
(1818, 116, 'XN', 'Xaisomboun'),
(1819, 117, 'AIZ', 'Aizkraukles Rajons'),
(1820, 117, 'ALU', 'Aluksnes Rajons'),
(1821, 117, 'BAL', 'Balvu Rajons'),
(1822, 117, 'BAU', 'Bauskas Rajons'),
(1823, 117, 'CES', 'Cesu Rajons'),
(1824, 117, 'DGR', 'Daugavpils Rajons'),
(1825, 117, 'DOB', 'Dobeles Rajons'),
(1826, 117, 'GUL', 'Gulbenes Rajons'),
(1827, 117, 'JEK', 'Jekabpils Rajons'),
(1828, 117, 'JGR', 'Jelgavas Rajons'),
(1829, 117, 'KRA', 'Kraslavas Rajons'),
(1830, 117, 'KUL', 'Kuldigas Rajons'),
(1831, 117, 'LPR', 'Liepajas Rajons'),
(1832, 117, 'LIM', 'Limbazu Rajons'),
(1833, 117, 'LUD', 'Ludzas Rajons'),
(1834, 117, 'MAD', 'Madonas Rajons'),
(1835, 117, 'OGR', 'Ogres Rajons'),
(1836, 117, 'PRE', 'Preilu Rajons'),
(1837, 117, 'RZR', 'Rezeknes Rajons'),
(1838, 117, 'RGR', 'Rigas Rajons'),
(1839, 117, 'SAL', 'Saldus Rajons'),
(1840, 117, 'TAL', 'Talsu Rajons'),
(1841, 117, 'TUK', 'Tukuma Rajons'),
(1842, 117, 'VLK', 'Valkas Rajons'),
(1843, 117, 'VLM', 'Valmieras Rajons'),
(1844, 117, 'VSR', 'Ventspils Rajons'),
(1845, 117, 'DGV', 'Daugavpils'),
(1846, 117, 'JGV', 'Jelgava'),
(1847, 117, 'JUR', 'Jurmala'),
(1848, 117, 'LPK', 'Liepaja'),
(1849, 117, 'RZK', 'Rezekne'),
(1850, 117, 'RGA', 'Riga'),
(1851, 117, 'VSL', 'Ventspils'),
(1852, 119, 'BE', 'Berea'),
(1853, 119, 'BB', 'Butha-Buthe'),
(1854, 119, 'LE', 'Leribe'),
(1855, 119, 'MF', 'Mafeteng'),
(1856, 119, 'MS', 'Maseru'),
(1857, 119, 'MH', 'Mohale''s Hoek'),
(1858, 119, 'MK', 'Mokhotlong'),
(1859, 119, 'QN', 'Qacha''s Nek'),
(1860, 119, 'QT', 'Quthing'),
(1861, 119, 'TT', 'Thaba-Tseka'),
(1862, 120, 'BI', 'Bomi'),
(1863, 120, 'BG', 'Bong'),
(1864, 120, 'GB', 'Grand Bassa'),
(1865, 120, 'CM', 'Grand Cape Mount'),
(1866, 120, 'GG', 'Grand Gedeh'),
(1867, 120, 'GK', 'Grand Kru'),
(1868, 120, 'LO', 'Lofa'),
(1869, 120, 'MG', 'Margibi'),
(1870, 120, 'ML', 'Maryland'),
(1871, 120, 'MS', 'Montserrado'),
(1872, 120, 'NB', 'Nimba'),
(1873, 120, 'RC', 'River Cess'),
(1874, 120, 'SN', 'Sinoe'),
(1875, 121, 'AJ', 'Ajdabiya'),
(1876, 121, 'AZ', 'Al ''Aziziyah'),
(1877, 121, 'FA', 'Al Fatih'),
(1878, 121, 'JA', 'Al Jabal al Akhdar'),
(1879, 121, 'JU', 'Al Jufrah'),
(1880, 121, 'KH', 'Al Khums'),
(1881, 121, 'KU', 'Al Kufrah'),
(1882, 121, 'NK', 'An Nuqat al Khams'),
(1883, 121, 'AS', 'Ash Shati'''),
(1884, 121, 'AW', 'Awbari'),
(1885, 121, 'ZA', 'Az Zawiyah'),
(1886, 121, 'BA', 'Banghazi'),
(1887, 121, 'DA', 'Darnah'),
(1888, 121, 'GD', 'Ghadamis'),
(1889, 121, 'GY', 'Gharyan'),
(1890, 121, 'MI', 'Misratah'),
(1891, 121, 'MZ', 'Murzuq'),
(1892, 121, 'SB', 'Sabha'),
(1893, 121, 'SW', 'Sawfajjin'),
(1894, 121, 'SU', 'Surt'),
(1895, 121, 'TL', 'Tarabulus (Tripoli)'),
(1896, 121, 'TH', 'Tarhunah'),
(1897, 121, 'TU', 'Tubruq'),
(1898, 121, 'YA', 'Yafran'),
(1899, 121, 'ZL', 'Zlitan'),
(1900, 122, 'V', 'Vaduz'),
(1901, 122, 'A', 'Schaan'),
(1902, 122, 'B', 'Balzers'),
(1903, 122, 'N', 'Triesen'),
(1904, 122, 'E', 'Eschen'),
(1905, 122, 'M', 'Mauren'),
(1906, 122, 'T', 'Triesenberg'),
(1907, 122, 'R', 'Ruggell'),
(1908, 122, 'G', 'Gamprin'),
(1909, 122, 'L', 'Schellenberg'),
(1910, 122, 'P', 'Planken'),
(1911, 123, 'AL', 'Alytus'),
(1912, 123, 'KA', 'Kaunas'),
(1913, 123, 'KL', 'Klaipeda'),
(1914, 123, 'MA', 'Marijampole'),
(1915, 123, 'PA', 'Panevezys'),
(1916, 123, 'SI', 'Siauliai'),
(1917, 123, 'TA', 'Taurage'),
(1918, 123, 'TE', 'Telsiai'),
(1919, 123, 'UT', 'Utena'),
(1920, 123, 'VI', 'Vilnius'),
(1921, 124, 'DD', 'Diekirch'),
(1922, 124, 'DC', 'Clervaux'),
(1923, 124, 'DR', 'Redange'),
(1924, 124, 'DV', 'Vianden'),
(1925, 124, 'DW', 'Wiltz'),
(1926, 124, 'GG', 'Grevenmacher'),
(1927, 124, 'GE', 'Echternach'),
(1928, 124, 'GR', 'Remich'),
(1929, 124, 'LL', 'Luxembourg'),
(1930, 124, 'LC', 'Capellen'),
(1931, 124, 'LE', 'Esch-sur-Alzette'),
(1932, 124, 'LM', 'Mersch'),
(1933, 125, 'OLF', 'Our Lady Fatima Parish'),
(1934, 125, 'ANT', 'St. Anthony Parish'),
(1935, 125, 'LAZ', 'St. Lazarus Parish'),
(1936, 125, 'CAT', 'Cathedral Parish'),
(1937, 125, 'LAW', 'St. Lawrence Parish'),
(1938, 127, 'AN', 'Antananarivo'),
(1939, 127, 'AS', 'Antsiranana'),
(1940, 127, 'FN', 'Fianarantsoa'),
(1941, 127, 'MJ', 'Mahajanga'),
(1942, 127, 'TM', 'Toamasina'),
(1943, 127, 'TL', 'Toliara'),
(1944, 128, 'BLK', 'Balaka'),
(1945, 128, 'BLT', 'Blantyre'),
(1946, 128, 'CKW', 'Chikwawa'),
(1947, 128, 'CRD', 'Chiradzulu'),
(1948, 128, 'CTP', 'Chitipa'),
(1949, 128, 'DDZ', 'Dedza'),
(1950, 128, 'DWA', 'Dowa'),
(1951, 128, 'KRG', 'Karonga'),
(1952, 128, 'KSG', 'Kasungu'),
(1953, 128, 'LKM', 'Likoma'),
(1954, 128, 'LLG', 'Lilongwe'),
(1955, 128, 'MCG', 'Machinga'),
(1956, 128, 'MGC', 'Mangochi'),
(1957, 128, 'MCH', 'Mchinji'),
(1958, 128, 'MLJ', 'Mulanje'),
(1959, 128, 'MWZ', 'Mwanza'),
(1960, 128, 'MZM', 'Mzimba'),
(1961, 128, 'NTU', 'Ntcheu'),
(1962, 128, 'NKB', 'Nkhata Bay'),
(1963, 128, 'NKH', 'Nkhotakota'),
(1964, 128, 'NSJ', 'Nsanje'),
(1965, 128, 'NTI', 'Ntchisi'),
(1966, 128, 'PHL', 'Phalombe'),
(1967, 128, 'RMP', 'Rumphi'),
(1968, 128, 'SLM', 'Salima'),
(1969, 128, 'THY', 'Thyolo'),
(1970, 128, 'ZBA', 'Zomba'),
(1971, 129, 'JO', 'Johor'),
(1972, 129, 'KE', 'Kedah'),
(1973, 129, 'KL', 'Kelantan'),
(1974, 129, 'LA', 'Labuan'),
(1975, 129, 'ME', 'Melaka'),
(1976, 129, 'NS', 'Negeri Sembilan'),
(1977, 129, 'PA', 'Pahang'),
(1978, 129, 'PE', 'Perak'),
(1979, 129, 'PR', 'Perlis'),
(1980, 129, 'PP', 'Pulau Pinang'),
(1981, 129, 'SA', 'Sabah'),
(1982, 129, 'SR', 'Sarawak'),
(1983, 129, 'SE', 'Selangor'),
(1984, 129, 'TE', 'Terengganu'),
(1985, 129, 'WP', 'Wilayah Persekutuan'),
(1986, 130, 'THU', 'Thiladhunmathi Uthuru'),
(1987, 130, 'THD', 'Thiladhunmathi Dhekunu'),
(1988, 130, 'MLU', 'Miladhunmadulu Uthuru'),
(1989, 130, 'MLD', 'Miladhunmadulu Dhekunu'),
(1990, 130, 'MAU', 'Maalhosmadulu Uthuru'),
(1991, 130, 'MAD', 'Maalhosmadulu Dhekunu'),
(1992, 130, 'FAA', 'Faadhippolhu'),
(1993, 130, 'MAA', 'Male Atoll'),
(1994, 130, 'AAU', 'Ari Atoll Uthuru'),
(1995, 130, 'AAD', 'Ari Atoll Dheknu'),
(1996, 130, 'FEA', 'Felidhe Atoll'),
(1997, 130, 'MUA', 'Mulaku Atoll'),
(1998, 130, 'NAU', 'Nilandhe Atoll Uthuru'),
(1999, 130, 'NAD', 'Nilandhe Atoll Dhekunu'),
(2000, 130, 'KLH', 'Kolhumadulu'),
(2001, 130, 'HDH', 'Hadhdhunmathi'),
(2002, 130, 'HAU', 'Huvadhu Atoll Uthuru'),
(2003, 130, 'HAD', 'Huvadhu Atoll Dhekunu'),
(2004, 130, 'FMU', 'Fua Mulaku'),
(2005, 130, 'ADD', 'Addu'),
(2006, 131, 'GA', 'Gao'),
(2007, 131, 'KY', 'Kayes'),
(2008, 131, 'KD', 'Kidal'),
(2009, 131, 'KL', 'Koulikoro'),
(2010, 131, 'MP', 'Mopti'),
(2011, 131, 'SG', 'Segou'),
(2012, 131, 'SK', 'Sikasso'),
(2013, 131, 'TB', 'Tombouctou'),
(2014, 131, 'CD', 'Bamako Capital District'),
(2015, 132, 'ATT', 'Attard'),
(2016, 132, 'BAL', 'Balzan'),
(2017, 132, 'BGU', 'Birgu'),
(2018, 132, 'BKK', 'Birkirkara'),
(2019, 132, 'BRZ', 'Birzebbuga'),
(2020, 132, 'BOR', 'Bormla'),
(2021, 132, 'DIN', 'Dingli'),
(2022, 132, 'FGU', 'Fgura'),
(2023, 132, 'FLO', 'Floriana'),
(2024, 132, 'GDJ', 'Gudja'),
(2025, 132, 'GZR', 'Gzira'),
(2026, 132, 'GRG', 'Gargur'),
(2027, 132, 'GXQ', 'Gaxaq'),
(2028, 132, 'HMR', 'Hamrun'),
(2029, 132, 'IKL', 'Iklin'),
(2030, 132, 'ISL', 'Isla'),
(2031, 132, 'KLK', 'Kalkara'),
(2032, 132, 'KRK', 'Kirkop'),
(2033, 132, 'LIJ', 'Lija'),
(2034, 132, 'LUQ', 'Luqa'),
(2035, 132, 'MRS', 'Marsa'),
(2036, 132, 'MKL', 'Marsaskala'),
(2037, 132, 'MXL', 'Marsaxlokk'),
(2038, 132, 'MDN', 'Mdina'),
(2039, 132, 'MEL', 'Melliea'),
(2040, 132, 'MGR', 'Mgarr'),
(2041, 132, 'MST', 'Mosta'),
(2042, 132, 'MQA', 'Mqabba'),
(2043, 132, 'MSI', 'Msida'),
(2044, 132, 'MTF', 'Mtarfa'),
(2045, 132, 'NAX', 'Naxxar'),
(2046, 132, 'PAO', 'Paola'),
(2047, 132, 'PEM', 'Pembroke'),
(2048, 132, 'PIE', 'Pieta'),
(2049, 132, 'QOR', 'Qormi'),
(2050, 132, 'QRE', 'Qrendi'),
(2051, 132, 'RAB', 'Rabat'),
(2052, 132, 'SAF', 'Safi'),
(2053, 132, 'SGI', 'San Giljan'),
(2054, 132, 'SLU', 'Santa Lucija'),
(2055, 132, 'SPB', 'San Pawl il-Bahar'),
(2056, 132, 'SGW', 'San Gwann'),
(2057, 132, 'SVE', 'Santa Venera'),
(2058, 132, 'SIG', 'Siggiewi'),
(2059, 132, 'SLM', 'Sliema'),
(2060, 132, 'SWQ', 'Swieqi'),
(2061, 132, 'TXB', 'Ta Xbiex'),
(2062, 132, 'TRX', 'Tarxien'),
(2063, 132, 'VLT', 'Valletta'),
(2064, 132, 'XGJ', 'Xgajra'),
(2065, 132, 'ZBR', 'Zabbar'),
(2066, 132, 'ZBG', 'Zebbug'),
(2067, 132, 'ZJT', 'Zejtun'),
(2068, 132, 'ZRQ', 'Zurrieq'),
(2069, 132, 'FNT', 'Fontana'),
(2070, 132, 'GHJ', 'Ghajnsielem'),
(2071, 132, 'GHR', 'Gharb'),
(2072, 132, 'GHS', 'Ghasri'),
(2073, 132, 'KRC', 'Kercem'),
(2074, 132, 'MUN', 'Munxar'),
(2075, 132, 'NAD', 'Nadur'),
(2076, 132, 'QAL', 'Qala'),
(2077, 132, 'VIC', 'Victoria'),
(2078, 132, 'SLA', 'San Lawrenz'),
(2079, 132, 'SNT', 'Sannat'),
(2080, 132, 'ZAG', 'Xagra'),
(2081, 132, 'XEW', 'Xewkija'),
(2082, 132, 'ZEB', 'Zebbug'),
(2083, 133, 'ALG', 'Ailinginae'),
(2084, 133, 'ALL', 'Ailinglaplap'),
(2085, 133, 'ALK', 'Ailuk'),
(2086, 133, 'ARN', 'Arno'),
(2087, 133, 'AUR', 'Aur'),
(2088, 133, 'BKR', 'Bikar'),
(2089, 133, 'BKN', 'Bikini'),
(2090, 133, 'BKK', 'Bokak'),
(2091, 133, 'EBN', 'Ebon'),
(2092, 133, 'ENT', 'Enewetak'),
(2093, 133, 'EKB', 'Erikub'),
(2094, 133, 'JBT', 'Jabat'),
(2095, 133, 'JLT', 'Jaluit'),
(2096, 133, 'JEM', 'Jemo'),
(2097, 133, 'KIL', 'Kili'),
(2098, 133, 'KWJ', 'Kwajalein'),
(2099, 133, 'LAE', 'Lae'),
(2100, 133, 'LIB', 'Lib'),
(2101, 133, 'LKP', 'Likiep'),
(2102, 133, 'MJR', 'Majuro'),
(2103, 133, 'MLP', 'Maloelap'),
(2104, 133, 'MJT', 'Mejit'),
(2105, 133, 'MIL', 'Mili'),
(2106, 133, 'NMK', 'Namorik'),
(2107, 133, 'NAM', 'Namu'),
(2108, 133, 'RGL', 'Rongelap'),
(2109, 133, 'RGK', 'Rongrik'),
(2110, 133, 'TOK', 'Toke'),
(2111, 133, 'UJA', 'Ujae'),
(2112, 133, 'UJL', 'Ujelang'),
(2113, 133, 'UTK', 'Utirik'),
(2114, 133, 'WTH', 'Wotho'),
(2115, 133, 'WTJ', 'Wotje'),
(2116, 135, 'AD', 'Adrar'),
(2117, 135, 'AS', 'Assaba'),
(2118, 135, 'BR', 'Brakna'),
(2119, 135, 'DN', 'Dakhlet Nouadhibou'),
(2120, 135, 'GO', 'Gorgol'),
(2121, 135, 'GM', 'Guidimaka'),
(2122, 135, 'HC', 'Hodh Ech Chargui'),
(2123, 135, 'HG', 'Hodh El Gharbi'),
(2124, 135, 'IN', 'Inchiri'),
(2125, 135, 'TA', 'Tagant'),
(2126, 135, 'TZ', 'Tiris Zemmour'),
(2127, 135, 'TR', 'Trarza'),
(2128, 135, 'NO', 'Nouakchott'),
(2129, 136, 'BR', 'Beau Bassin-Rose Hill'),
(2130, 136, 'CU', 'Curepipe'),
(2131, 136, 'PU', 'Port Louis'),
(2132, 136, 'QB', 'Quatre Bornes'),
(2133, 136, 'VP', 'Vacoas-Phoenix'),
(2134, 136, 'AG', 'Agalega Islands'),
(2135, 136, 'CC', 'Cargados Carajos Shoals (Saint B'),
(2136, 136, 'RO', 'Rodrigues'),
(2137, 136, 'BL', 'Black River'),
(2138, 136, 'FL', 'Flacq'),
(2139, 136, 'GP', 'Grand Port'),
(2140, 136, 'MO', 'Moka'),
(2141, 136, 'PA', 'Pamplemousses'),
(2142, 136, 'PW', 'Plaines Wilhems'),
(2143, 136, 'PL', 'Port Louis'),
(2144, 136, 'RR', 'Riviere du Rempart'),
(2145, 136, 'SA', 'Savanne'),
(2146, 138, 'AGU', 'Aguascalientes'),
(2147, 138, 'BCN', 'Baja California Norte'),
(2148, 138, 'BCS', 'Baja California Sur'),
(2149, 138, 'CAM', 'Campeche'),
(2150, 138, 'CHP', 'Chiapas'),
(2151, 138, 'CHH', 'Chihuahua'),
(2152, 138, 'COA', 'Coahuila de Zaragoza'),
(2153, 138, 'COL', 'Colima'),
(2154, 138, 'DIF', 'Distrito Federal'),
(2155, 138, 'DUR', 'Durango'),
(2156, 138, 'GUA', 'Guanajuato'),
(2157, 138, 'GRO', 'Guerrero'),
(2158, 138, 'HID', 'Hidalgo'),
(2159, 138, 'JAL', 'Jalisco'),
(2160, 138, 'MEX', 'Mexico'),
(2161, 138, 'MIC', 'Michoacan de Ocampo'),
(2162, 138, 'MOR', 'Morelos'),
(2163, 138, 'NAY', 'Nayarit'),
(2164, 138, 'NLE', 'Nuevo Leon'),
(2165, 138, 'OAX', 'Oaxaca'),
(2166, 138, 'PUE', 'Puebla'),
(2167, 138, 'QUE', 'Queretaro de Arteaga'),
(2168, 138, 'ROO', 'Quintana Roo'),
(2169, 138, 'SLP', 'San Luis Potosi'),
(2170, 138, 'SIN', 'Sinaloa'),
(2171, 138, 'SON', 'Sonora'),
(2172, 138, 'TAB', 'Tabasco'),
(2173, 138, 'TAM', 'Tamaulipas'),
(2174, 138, 'TLA', 'Tlaxcala'),
(2175, 138, 'VER', 'Veracruz-Llave'),
(2176, 138, 'YUC', 'Yucatan'),
(2177, 138, 'ZAC', 'Zacatecas'),
(2178, 139, 'C', 'Chuuk'),
(2179, 139, 'K', 'Kosrae'),
(2180, 139, 'P', 'Pohnpei'),
(2181, 139, 'Y', 'Yap'),
(2182, 140, 'GA', 'Gagauzia'),
(2183, 140, 'CU', 'Chisinau'),
(2184, 140, 'BA', 'Balti'),
(2185, 140, 'CA', 'Cahul'),
(2186, 140, 'ED', 'Edinet'),
(2187, 140, 'LA', 'Lapusna'),
(2188, 140, 'OR', 'Orhei'),
(2189, 140, 'SO', 'Soroca'),
(2190, 140, 'TI', 'Tighina'),
(2191, 140, 'UN', 'Ungheni'),
(2192, 140, 'SN', 'Stnga Nistrului'),
(2193, 141, 'FV', 'Fontvieille'),
(2194, 141, 'LC', 'La Condamine'),
(2195, 141, 'MV', 'Monaco-Ville'),
(2196, 141, 'MC', 'Monte-Carlo'),
(2197, 142, '1', 'Ulanbaatar'),
(2198, 142, '035', 'Orhon'),
(2199, 142, '037', 'Darhan uul'),
(2200, 142, '039', 'Hentiy'),
(2201, 142, '041', 'Hovsgol'),
(2202, 142, '043', 'Hovd'),
(2203, 142, '046', 'Uvs'),
(2204, 142, '047', 'Tov'),
(2205, 142, '049', 'Selenge'),
(2206, 142, '051', 'Suhbaatar'),
(2207, 142, '053', 'Omnogovi'),
(2208, 142, '055', 'Ovorhangay'),
(2209, 142, '057', 'Dzavhan'),
(2210, 142, '059', 'DundgovL'),
(2211, 142, '061', 'Dornod'),
(2212, 142, '063', 'Dornogov'),
(2213, 142, '064', 'Govi-Sumber'),
(2214, 142, '065', 'Govi-Altay'),
(2215, 142, '067', 'Bulgan'),
(2216, 142, '069', 'Bayanhongor'),
(2217, 142, '071', 'Bayan-Olgiy'),
(2218, 142, '073', 'Arhangay'),
(2219, 143, 'A', 'Saint Anthony'),
(2220, 143, 'G', 'Saint Georges'),
(2221, 143, 'P', 'Saint Peter'),
(2222, 144, 'AGD', 'Agadir'),
(2223, 144, 'HOC', 'Al Hoceima'),
(2224, 144, 'AZI', 'Azilal'),
(2225, 144, 'BME', 'Beni Mellal'),
(2226, 144, 'BSL', 'Ben Slimane'),
(2227, 144, 'BLM', 'Boulemane'),
(2228, 144, 'CBL', 'Casablanca'),
(2229, 144, 'CHA', 'Chaouen'),
(2230, 144, 'EJA', 'El Jadida'),
(2231, 144, 'EKS', 'El Kelaa des Sraghna'),
(2232, 144, 'ERA', 'Er Rachidia'),
(2233, 144, 'ESS', 'Essaouira'),
(2234, 144, 'FES', 'Fes'),
(2235, 144, 'FIG', 'Figuig'),
(2236, 144, 'GLM', 'Guelmim'),
(2237, 144, 'IFR', 'Ifrane'),
(2238, 144, 'KEN', 'Kenitra'),
(2239, 144, 'KHM', 'Khemisset'),
(2240, 144, 'KHN', 'Khenifra'),
(2241, 144, 'KHO', 'Khouribga'),
(2242, 144, 'LYN', 'Laayoune'),
(2243, 144, 'LAR', 'Larache'),
(2244, 144, 'MRK', 'Marrakech'),
(2245, 144, 'MKN', 'Meknes'),
(2246, 144, 'NAD', 'Nador'),
(2247, 144, 'ORZ', 'Ouarzazate'),
(2248, 144, 'OUJ', 'Oujda'),
(2249, 144, 'RSA', 'Rabat-Sale'),
(2250, 144, 'SAF', 'Safi'),
(2251, 144, 'SET', 'Settat'),
(2252, 144, 'SKA', 'Sidi Kacem'),
(2253, 144, 'TGR', 'Tangier'),
(2254, 144, 'TAN', 'Tan-Tan'),
(2255, 144, 'TAO', 'Taounate'),
(2256, 144, 'TRD', 'Taroudannt'),
(2257, 144, 'TAT', 'Tata'),
(2258, 144, 'TAZ', 'Taza'),
(2259, 144, 'TET', 'Tetouan'),
(2260, 144, 'TIZ', 'Tiznit'),
(2261, 144, 'ADK', 'Ad Dakhla'),
(2262, 144, 'BJD', 'Boujdour'),
(2263, 144, 'ESM', 'Es Smara'),
(2264, 145, 'CD', 'Cabo Delgado'),
(2265, 145, 'GZ', 'Gaza'),
(2266, 145, 'IN', 'Inhambane'),
(2267, 145, 'MN', 'Manica'),
(2268, 145, 'MC', 'Maputo (city)'),
(2269, 145, 'MP', 'Maputo'),
(2270, 145, 'NA', 'Nampula'),
(2271, 145, 'NI', 'Niassa'),
(2272, 145, 'SO', 'Sofala'),
(2273, 145, 'TE', 'Tete'),
(2274, 145, 'ZA', 'Zambezia'),
(2275, 146, 'AY', 'Ayeyarwady'),
(2276, 146, 'BG', 'Bago'),
(2277, 146, 'MG', 'Magway'),
(2278, 146, 'MD', 'Mandalay'),
(2279, 146, 'SG', 'Sagaing'),
(2280, 146, 'TN', 'Tanintharyi'),
(2281, 146, 'YG', 'Yangon'),
(2282, 146, 'CH', 'Chin State'),
(2283, 146, 'KC', 'Kachin State'),
(2284, 146, 'KH', 'Kayah State'),
(2285, 146, 'KN', 'Kayin State'),
(2286, 146, 'MN', 'Mon State'),
(2287, 146, 'RK', 'Rakhine State'),
(2288, 146, 'SH', 'Shan State'),
(2289, 147, 'CA', 'Caprivi'),
(2290, 147, 'ER', 'Erongo'),
(2291, 147, 'HA', 'Hardap'),
(2292, 147, 'KR', 'Karas'),
(2293, 147, 'KV', 'Kavango'),
(2294, 147, 'KH', 'Khomas'),
(2295, 147, 'KU', 'Kunene'),
(2296, 147, 'OW', 'Ohangwena'),
(2297, 147, 'OK', 'Omaheke'),
(2298, 147, 'OT', 'Omusati'),
(2299, 147, 'ON', 'Oshana'),
(2300, 147, 'OO', 'Oshikoto'),
(2301, 147, 'OJ', 'Otjozondjupa'),
(2302, 148, 'AO', 'Aiwo'),
(2303, 148, 'AA', 'Anabar'),
(2304, 148, 'AT', 'Anetan'),
(2305, 148, 'AI', 'Anibare'),
(2306, 148, 'BA', 'Baiti'),
(2307, 148, 'BO', 'Boe'),
(2308, 148, 'BU', 'Buada'),
(2309, 148, 'DE', 'Denigomodu'),
(2310, 148, 'EW', 'Ewa'),
(2311, 148, 'IJ', 'Ijuw'),
(2312, 148, 'ME', 'Meneng'),
(2313, 148, 'NI', 'Nibok'),
(2314, 148, 'UA', 'Uaboe'),
(2315, 148, 'YA', 'Yaren'),
(2316, 149, 'BA', 'Bagmati'),
(2317, 149, 'BH', 'Bheri'),
(2318, 149, 'DH', 'Dhawalagiri'),
(2319, 149, 'GA', 'Gandaki'),
(2320, 149, 'JA', 'Janakpur'),
(2321, 149, 'KA', 'Karnali'),
(2322, 149, 'KO', 'Kosi'),
(2323, 149, 'LU', 'Lumbini'),
(2324, 149, 'MA', 'Mahakali'),
(2325, 149, 'ME', 'Mechi'),
(2326, 149, 'NA', 'Narayani'),
(2327, 149, 'RA', 'Rapti'),
(2328, 149, 'SA', 'Sagarmatha'),
(2329, 149, 'SE', 'Seti'),
(2330, 150, 'DR', 'Drenthe'),
(2331, 150, 'FL', 'Flevoland'),
(2332, 150, 'FR', 'Friesland'),
(2333, 150, 'GE', 'Gelderland'),
(2334, 150, 'GR', 'Groningen'),
(2335, 150, 'LI', 'Limburg'),
(2336, 150, 'NB', 'Noord Brabant'),
(2337, 150, 'NH', 'Noord Holland'),
(2338, 150, 'OV', 'Overijssel'),
(2339, 150, 'UT', 'Utrecht'),
(2340, 150, 'ZE', 'Zeeland'),
(2341, 150, 'ZH', 'Zuid Holland'),
(2342, 152, 'L', 'Iles Loyaute'),
(2343, 152, 'N', 'Nord'),
(2344, 152, 'S', 'Sud'),
(2345, 153, 'AUK', 'Auckland'),
(2346, 153, 'BOP', 'Bay of Plenty'),
(2347, 153, 'CAN', 'Canterbury'),
(2348, 153, 'COR', 'Coromandel'),
(2349, 153, 'GIS', 'Gisborne'),
(2350, 153, 'FIO', 'Fiordland'),
(2351, 153, 'HKB', 'Hawke''s Bay'),
(2352, 153, 'MBH', 'Marlborough'),
(2353, 153, 'MWT', 'Manawatu-Wanganui'),
(2354, 153, 'MCM', 'Mt Cook-Mackenzie'),
(2355, 153, 'NSN', 'Nelson'),
(2356, 153, 'NTL', 'Northland'),
(2357, 153, 'OTA', 'Otago'),
(2358, 153, 'STL', 'Southland'),
(2359, 153, 'TKI', 'Taranaki'),
(2360, 153, 'WGN', 'Wellington'),
(2361, 153, 'WKO', 'Waikato'),
(2362, 153, 'WAI', 'Wairprarapa'),
(2363, 153, 'WTC', 'West Coast'),
(2364, 154, 'AN', 'Atlantico Norte'),
(2365, 154, 'AS', 'Atlantico Sur'),
(2366, 154, 'BO', 'Boaco'),
(2367, 154, 'CA', 'Carazo'),
(2368, 154, 'CI', 'Chinandega'),
(2369, 154, 'CO', 'Chontales'),
(2370, 154, 'ES', 'Esteli'),
(2371, 154, 'GR', 'Granada'),
(2372, 154, 'JI', 'Jinotega'),
(2373, 154, 'LE', 'Leon'),
(2374, 154, 'MD', 'Madriz'),
(2375, 154, 'MN', 'Managua'),
(2376, 154, 'MS', 'Masaya'),
(2377, 154, 'MT', 'Matagalpa'),
(2378, 154, 'NS', 'Nuevo Segovia'),
(2379, 154, 'RS', 'Rio San Juan'),
(2380, 154, 'RI', 'Rivas'),
(2381, 155, 'AG', 'Agadez'),
(2382, 155, 'DF', 'Diffa'),
(2383, 155, 'DS', 'Dosso'),
(2384, 155, 'MA', 'Maradi'),
(2385, 155, 'NM', 'Niamey'),
(2386, 155, 'TH', 'Tahoua'),
(2387, 155, 'TL', 'Tillaberi'),
(2388, 155, 'ZD', 'Zinder'),
(2389, 156, 'AB', 'Abia'),
(2390, 156, 'CT', 'Abuja Federal Capital Territory'),
(2391, 156, 'AD', 'Adamawa'),
(2392, 156, 'AK', 'Akwa Ibom'),
(2393, 156, 'AN', 'Anambra'),
(2394, 156, 'BC', 'Bauchi'),
(2395, 156, 'BY', 'Bayelsa'),
(2396, 156, 'BN', 'Benue'),
(2397, 156, 'BO', 'Borno'),
(2398, 156, 'CR', 'Cross River'),
(2399, 156, 'DE', 'Delta'),
(2400, 156, 'EB', 'Ebonyi'),
(2401, 156, 'ED', 'Edo'),
(2402, 156, 'EK', 'Ekiti'),
(2403, 156, 'EN', 'Enugu'),
(2404, 156, 'GO', 'Gombe'),
(2405, 156, 'IM', 'Imo'),
(2406, 156, 'JI', 'Jigawa'),
(2407, 156, 'KD', 'Kaduna'),
(2408, 156, 'KN', 'Kano'),
(2409, 156, 'KT', 'Katsina'),
(2410, 156, 'KE', 'Kebbi'),
(2411, 156, 'KO', 'Kogi'),
(2412, 156, 'KW', 'Kwara'),
(2413, 156, 'LA', 'Lagos'),
(2414, 156, 'NA', 'Nassarawa'),
(2415, 156, 'NI', 'Niger'),
(2416, 156, 'OG', 'Ogun'),
(2417, 156, 'ONG', 'Ondo'),
(2418, 156, 'OS', 'Osun'),
(2419, 156, 'OY', 'Oyo'),
(2420, 156, 'PL', 'Plateau'),
(2421, 156, 'RI', 'Rivers'),
(2422, 156, 'SO', 'Sokoto'),
(2423, 156, 'TA', 'Taraba'),
(2424, 156, 'YO', 'Yobe'),
(2425, 156, 'ZA', 'Zamfara'),
(2426, 159, 'N', 'Northern Islands'),
(2427, 159, 'R', 'Rota'),
(2428, 159, 'S', 'Saipan'),
(2429, 159, 'T', 'Tinian'),
(2430, 160, 'AK', 'Akershus'),
(2431, 160, 'AA', 'Aust-Agder'),
(2432, 160, 'BU', 'Buskerud'),
(2433, 160, 'FM', 'Finnmark'),
(2434, 160, 'HM', 'Hedmark'),
(2435, 160, 'HL', 'Hordaland'),
(2436, 160, 'MR', 'More og Romdal'),
(2437, 160, 'NT', 'Nord-Trondelag'),
(2438, 160, 'NL', 'Nordland'),
(2439, 160, 'OF', 'Ostfold'),
(2440, 160, 'OP', 'Oppland'),
(2441, 160, 'OL', 'Oslo'),
(2442, 160, 'RL', 'Rogaland'),
(2443, 160, 'ST', 'Sor-Trondelag'),
(2444, 160, 'SJ', 'Sogn og Fjordane'),
(2445, 160, 'SV', 'Svalbard'),
(2446, 160, 'TM', 'Telemark'),
(2447, 160, 'TR', 'Troms'),
(2448, 160, 'VA', 'Vest-Agder'),
(2449, 160, 'VF', 'Vestfold'),
(2450, 161, 'DA', 'Ad Dakhiliyah'),
(2451, 161, 'BA', 'Al Batinah'),
(2452, 161, 'WU', 'Al Wusta'),
(2453, 161, 'SH', 'Ash Sharqiyah'),
(2454, 161, 'ZA', 'Az Zahirah'),
(2455, 161, 'MA', 'Masqat'),
(2456, 161, 'MU', 'Musandam'),
(2457, 161, 'ZU', 'Zufar'),
(2458, 162, 'B', 'Balochistan'),
(2459, 162, 'T', 'Federally Administered Tribal Ar'),
(2460, 162, 'I', 'Islamabad Capital Territory'),
(2461, 162, 'N', 'North-West Frontier'),
(2462, 162, 'P', 'Punjab'),
(2463, 162, 'S', 'Sindh '),
(2464, 163, 'AM', 'Aimeliik'),
(2465, 163, 'AR', 'Airai'),
(2466, 163, 'AN', 'Angaur'),
(2467, 163, 'HA', 'Hatohobei'),
(2468, 163, 'KA', 'Kayangel'),
(2469, 163, 'KO', 'Koror'),
(2470, 163, 'ME', 'Melekeok'),
(2471, 163, 'NA', 'Ngaraard'),
(2472, 163, 'NG', 'Ngarchelong'),
(2473, 163, 'ND', 'Ngardmau'),
(2474, 163, 'NT', 'Ngatpang'),
(2475, 163, 'NC', 'Ngchesar'),
(2476, 163, 'NR', 'Ngeremlengui'),
(2477, 163, 'NW', 'Ngiwal'),
(2478, 163, 'PE', 'Peleliu'),
(2479, 163, 'SO', 'Sonsorol'),
(2480, 164, 'BT', 'Bocas del Toro'),
(2481, 164, 'CH', 'Chiriqui'),
(2482, 164, 'CC', 'Cocle'),
(2483, 164, 'CL', 'Colon'),
(2484, 164, 'DA', 'Darien'),
(2485, 164, 'HE', 'Herrera'),
(2486, 164, 'LS', 'Los Santos'),
(2487, 164, 'PA', 'Panama'),
(2488, 164, 'SB', 'San Blas'),
(2489, 164, 'VG', 'Veraguas'),
(2490, 165, 'BV', 'Bougainville'),
(2491, 165, 'CE', 'Central'),
(2492, 165, 'CH', 'Chimbu'),
(2493, 165, 'EH', 'Eastern Highlands'),
(2494, 165, 'EB', 'East New Britain'),
(2495, 165, 'ES', 'East Sepik'),
(2496, 165, 'EN', 'Enga'),
(2497, 165, 'GU', 'Gulf'),
(2498, 165, 'MD', 'Madang'),
(2499, 165, 'MN', 'Manus'),
(2500, 165, 'MB', 'Milne Bay'),
(2501, 165, 'MR', 'Morobe'),
(2502, 165, 'NC', 'National Capital'),
(2503, 165, 'NI', 'New Ireland'),
(2504, 165, 'NO', 'Northern'),
(2505, 165, 'SA', 'Sandaun'),
(2506, 165, 'SH', 'Southern Highlands'),
(2507, 165, 'WE', 'Western'),
(2508, 165, 'WH', 'Western Highlands'),
(2509, 165, 'WB', 'West New Britain'),
(2510, 166, 'AG', 'Alto Paraguay'),
(2511, 166, 'AN', 'Alto Parana'),
(2512, 166, 'AM', 'Amambay'),
(2513, 166, 'AS', 'Asuncion'),
(2514, 166, 'BO', 'Boqueron'),
(2515, 166, 'CG', 'Caaguazu'),
(2516, 166, 'CZ', 'Caazapa'),
(2517, 166, 'CN', 'Canindeyu'),
(2518, 166, 'CE', 'Central'),
(2519, 166, 'CC', 'Concepcion'),
(2520, 166, 'CD', 'Cordillera'),
(2521, 166, 'GU', 'Guaira'),
(2522, 166, 'IT', 'Itapua'),
(2523, 166, 'MI', 'Misiones'),
(2524, 166, 'NE', 'Neembucu'),
(2525, 166, 'PA', 'Paraguari'),
(2526, 166, 'PH', 'Presidente Hayes'),
(2527, 166, 'SP', 'San Pedro'),
(2528, 167, 'AM', 'Amazonas'),
(2529, 167, 'AN', 'Ancash'),
(2530, 167, 'AP', 'Apurimac'),
(2531, 167, 'AR', 'Arequipa'),
(2532, 167, 'AY', 'Ayacucho'),
(2533, 167, 'CJ', 'Cajamarca'),
(2534, 167, 'CL', 'Callao'),
(2535, 167, 'CU', 'Cusco'),
(2536, 167, 'HV', 'Huancavelica'),
(2537, 167, 'HO', 'Huanuco'),
(2538, 167, 'IC', 'Ica'),
(2539, 167, 'JU', 'Junin'),
(2540, 167, 'LD', 'La Libertad'),
(2541, 167, 'LY', 'Lambayeque'),
(2542, 167, 'LI', 'Lima'),
(2543, 167, 'LO', 'Loreto'),
(2544, 167, 'MD', 'Madre de Dios'),
(2545, 167, 'MO', 'Moquegua'),
(2546, 167, 'PA', 'Pasco'),
(2547, 167, 'PI', 'Piura'),
(2548, 167, 'PU', 'Puno'),
(2549, 167, 'SM', 'San Martin'),
(2550, 167, 'TA', 'Tacna'),
(2551, 167, 'TU', 'Tumbes'),
(2552, 167, 'UC', 'Ucayali'),
(2553, 168, 'ABR', 'Abra'),
(2554, 168, 'ANO', 'Agusan del Norte'),
(2555, 168, 'ASU', 'Agusan del Sur'),
(2556, 168, 'AKL', 'Aklan'),
(2557, 168, 'ALB', 'Albay'),
(2558, 168, 'ANT', 'Antique'),
(2559, 168, 'APY', 'Apayao'),
(2560, 168, 'AUR', 'Aurora'),
(2561, 168, 'BAS', 'Basilan'),
(2562, 168, 'BTA', 'Bataan'),
(2563, 168, 'BTE', 'Batanes'),
(2564, 168, 'BTG', 'Batangas'),
(2565, 168, 'BLR', 'Biliran'),
(2566, 168, 'BEN', 'Benguet'),
(2567, 168, 'BOL', 'Bohol'),
(2568, 168, 'BUK', 'Bukidnon'),
(2569, 168, 'BUL', 'Bulacan'),
(2570, 168, 'CAG', 'Cagayan'),
(2571, 168, 'CNO', 'Camarines Norte'),
(2572, 168, 'CSU', 'Camarines Sur'),
(2573, 168, 'CAM', 'Camiguin'),
(2574, 168, 'CAP', 'Capiz'),
(2575, 168, 'CAT', 'Catanduanes'),
(2576, 168, 'CAV', 'Cavite'),
(2577, 168, 'CEB', 'Cebu'),
(2578, 168, 'CMP', 'Compostela'),
(2579, 168, 'DNO', 'Davao del Norte'),
(2580, 168, 'DSU', 'Davao del Sur'),
(2581, 168, 'DOR', 'Davao Oriental'),
(2582, 168, 'ESA', 'Eastern Samar'),
(2583, 168, 'GUI', 'Guimaras'),
(2584, 168, 'IFU', 'Ifugao'),
(2585, 168, 'INO', 'Ilocos Norte'),
(2586, 168, 'ISU', 'Ilocos Sur'),
(2587, 168, 'ILO', 'Iloilo'),
(2588, 168, 'ISA', 'Isabela'),
(2589, 168, 'KAL', 'Kalinga'),
(2590, 168, 'LAG', 'Laguna'),
(2591, 168, 'LNO', 'Lanao del Norte'),
(2592, 168, 'LSU', 'Lanao del Sur'),
(2593, 168, 'UNI', 'La Union'),
(2594, 168, 'LEY', 'Leyte'),
(2595, 168, 'MAG', 'Maguindanao'),
(2596, 168, 'MRN', 'Marinduque'),
(2597, 168, 'MSB', 'Masbate'),
(2598, 168, 'MIC', 'Mindoro Occidental'),
(2599, 168, 'MIR', 'Mindoro Oriental'),
(2600, 168, 'MSC', 'Misamis Occidental'),
(2601, 168, 'MOR', 'Misamis Oriental'),
(2602, 168, 'MOP', 'Mountain'),
(2603, 168, 'NOC', 'Negros Occidental'),
(2604, 168, 'NOR', 'Negros Oriental'),
(2605, 168, 'NCT', 'North Cotabato'),
(2606, 168, 'NSM', 'Northern Samar'),
(2607, 168, 'NEC', 'Nueva Ecija'),
(2608, 168, 'NVZ', 'Nueva Vizcaya'),
(2609, 168, 'PLW', 'Palawan'),
(2610, 168, 'PMP', 'Pampanga'),
(2611, 168, 'PNG', 'Pangasinan'),
(2612, 168, 'QZN', 'Quezon'),
(2613, 168, 'QRN', 'Quirino'),
(2614, 168, 'RIZ', 'Rizal'),
(2615, 168, 'ROM', 'Romblon'),
(2616, 168, 'SMR', 'Samar'),
(2617, 168, 'SRG', 'Sarangani'),
(2618, 168, 'SQJ', 'Siquijor'),
(2619, 168, 'SRS', 'Sorsogon'),
(2620, 168, 'SCO', 'South Cotabato'),
(2621, 168, 'SLE', 'Southern Leyte'),
(2622, 168, 'SKU', 'Sultan Kudarat'),
(2623, 168, 'SLU', 'Sulu'),
(2624, 168, 'SNO', 'Surigao del Norte'),
(2625, 168, 'SSU', 'Surigao del Sur'),
(2626, 168, 'TAR', 'Tarlac'),
(2627, 168, 'TAW', 'Tawi-Tawi'),
(2628, 168, 'ZBL', 'Zambales'),
(2629, 168, 'ZNO', 'Zamboanga del Norte'),
(2630, 168, 'ZSU', 'Zamboanga del Sur'),
(2631, 168, 'ZSI', 'Zamboanga Sibugay'),
(2632, 170, 'DO', 'Dolnoslaskie'),
(2633, 170, 'KP', 'Kujawsko-Pomorskie'),
(2634, 170, 'LO', 'Lodzkie'),
(2635, 170, 'LL', 'Lubelskie'),
(2636, 170, 'LU', 'Lubuskie'),
(2637, 170, 'ML', 'Malopolskie'),
(2638, 170, 'MZ', 'Mazowieckie'),
(2639, 170, 'OP', 'Opolskie'),
(2640, 170, 'PP', 'Podkarpackie'),
(2641, 170, 'PL', 'Podlaskie'),
(2642, 170, 'PM', 'Pomorskie'),
(2643, 170, 'SL', 'Slaskie'),
(2644, 170, 'SW', 'Swietokrzyskie'),
(2645, 170, 'WM', 'Warminsko-Mazurskie'),
(2646, 170, 'WP', 'Wielkopolskie'),
(2647, 170, 'ZA', 'Zachodniopomorskie'),
(2648, 198, 'P', 'Saint Pierre'),
(2649, 198, 'M', 'Miquelon'),
(2650, 171, 'AC', 'A&ccedil;ores'),
(2651, 171, 'AV', 'Aveiro'),
(2652, 171, 'BE', 'Beja'),
(2653, 171, 'BR', 'Braga'),
(2654, 171, 'BA', 'Bragan&ccedil;a'),
(2655, 171, 'CB', 'Castelo Branco'),
(2656, 171, 'CO', 'Coimbra'),
(2657, 171, 'EV', '&Eacute;vora'),
(2658, 171, 'FA', 'Faro'),
(2659, 171, 'GU', 'Guarda'),
(2660, 171, 'LE', 'Leiria'),
(2661, 171, 'LI', 'Lisboa'),
(2662, 171, 'ME', 'Madeira'),
(2663, 171, 'PO', 'Portalegre'),
(2664, 171, 'PR', 'Porto'),
(2665, 171, 'SA', 'Santar&eacute;m'),
(2666, 171, 'SE', 'Set&uacute;bal'),
(2667, 171, 'VC', 'Viana do Castelo'),
(2668, 171, 'VR', 'Vila Real'),
(2669, 171, 'VI', 'Viseu'),
(2670, 173, 'DW', 'Ad Dawhah'),
(2671, 173, 'GW', 'Al Ghuwayriyah'),
(2672, 173, 'JM', 'Al Jumayliyah'),
(2673, 173, 'KR', 'Al Khawr'),
(2674, 173, 'WK', 'Al Wakrah'),
(2675, 173, 'RN', 'Ar Rayyan'),
(2676, 173, 'JB', 'Jarayan al Batinah'),
(2677, 173, 'MS', 'Madinat ash Shamal'),
(2678, 173, 'UD', 'Umm Sa''id'),
(2679, 173, 'UL', 'Umm Salal'),
(2680, 175, 'AB', 'Alba'),
(2681, 175, 'AR', 'Arad'),
(2682, 175, 'AG', 'Arges'),
(2683, 175, 'BC', 'Bacau'),
(2684, 175, 'BH', 'Bihor'),
(2685, 175, 'BN', 'Bistrita-Nasaud'),
(2686, 175, 'BT', 'Botosani'),
(2687, 175, 'BV', 'Brasov'),
(2688, 175, 'BR', 'Braila'),
(2689, 175, 'B', 'Bucuresti'),
(2690, 175, 'BZ', 'Buzau'),
(2691, 175, 'CS', 'Caras-Severin'),
(2692, 175, 'CL', 'Calarasi'),
(2693, 175, 'CJ', 'Cluj'),
(2694, 175, 'CT', 'Constanta'),
(2695, 175, 'CV', 'Covasna'),
(2696, 175, 'DB', 'Dimbovita'),
(2697, 175, 'DJ', 'Dolj'),
(2698, 175, 'GL', 'Galati'),
(2699, 175, 'GR', 'Giurgiu'),
(2700, 175, 'GJ', 'Gorj'),
(2701, 175, 'HR', 'Harghita'),
(2702, 175, 'HD', 'Hunedoara'),
(2703, 175, 'IL', 'Ialomita'),
(2704, 175, 'IS', 'Iasi'),
(2705, 175, 'IF', 'Ilfov'),
(2706, 175, 'MM', 'Maramures'),
(2707, 175, 'MH', 'Mehedinti'),
(2708, 175, 'MS', 'Mures'),
(2709, 175, 'NT', 'Neamt'),
(2710, 175, 'OT', 'Olt'),
(2711, 175, 'PH', 'Prahova'),
(2712, 175, 'SM', 'Satu-Mare'),
(2713, 175, 'SJ', 'Salaj'),
(2714, 175, 'SB', 'Sibiu'),
(2715, 175, 'SV', 'Suceava'),
(2716, 175, 'TR', 'Teleorman'),
(2717, 175, 'TM', 'Timis'),
(2718, 175, 'TL', 'Tulcea'),
(2719, 175, 'VS', 'Vaslui'),
(2720, 175, 'VL', 'Valcea'),
(2721, 175, 'VN', 'Vrancea'),
(2722, 176, 'AB', 'Abakan'),
(2723, 176, 'AG', 'Aginskoye'),
(2724, 176, 'AN', 'Anadyr'),
(2725, 176, 'AR', 'Arkahangelsk'),
(2726, 176, 'AS', 'Astrakhan'),
(2727, 176, 'BA', 'Barnaul'),
(2728, 176, 'BE', 'Belgorod'),
(2729, 176, 'BI', 'Birobidzhan'),
(2730, 176, 'BL', 'Blagoveshchensk'),
(2731, 176, 'BR', 'Bryansk'),
(2732, 176, 'CH', 'Cheboksary'),
(2733, 176, 'CL', 'Chelyabinsk'),
(2734, 176, 'CR', 'Cherkessk'),
(2735, 176, 'CI', 'Chita'),
(2736, 176, 'DU', 'Dudinka'),
(2737, 176, 'EL', 'Elista'),
(2738, 176, 'GO', 'Gomo-Altaysk'),
(2739, 176, 'GA', 'Gorno-Altaysk'),
(2740, 176, 'GR', 'Groznyy'),
(2741, 176, 'IR', 'Irkutsk'),
(2742, 176, 'IV', 'Ivanovo'),
(2743, 176, 'IZ', 'Izhevsk'),
(2744, 176, 'KA', 'Kalinigrad'),
(2745, 176, 'KL', 'Kaluga'),
(2746, 176, 'KS', 'Kasnodar'),
(2747, 176, 'KZ', 'Kazan'),
(2748, 176, 'KE', 'Kemerovo'),
(2749, 176, 'KH', 'Khabarovsk'),
(2750, 176, 'KM', 'Khanty-Mansiysk'),
(2751, 176, 'KO', 'Kostroma'),
(2752, 176, 'KR', 'Krasnodar'),
(2753, 176, 'KN', 'Krasnoyarsk'),
(2754, 176, 'KU', 'Kudymkar'),
(2755, 176, 'KG', 'Kurgan'),
(2756, 176, 'KK', 'Kursk'),
(2757, 176, 'KY', 'Kyzyl'),
(2758, 176, 'LI', 'Lipetsk'),
(2759, 176, 'MA', 'Magadan'),
(2760, 176, 'MK', 'Makhachkala'),
(2761, 176, 'MY', 'Maykop'),
(2762, 176, 'MO', 'Moscow'),
(2763, 176, 'MU', 'Murmansk'),
(2764, 176, 'NA', 'Nalchik'),
(2765, 176, 'NR', 'Naryan Mar'),
(2766, 176, 'NZ', 'Nazran'),
(2767, 176, 'NI', 'Nizhniy Novgorod'),
(2768, 176, 'NO', 'Novgorod'),
(2769, 176, 'NV', 'Novosibirsk'),
(2770, 176, 'OM', 'Omsk'),
(2771, 176, 'OR', 'Orel'),
(2772, 176, 'OE', 'Orenburg'),
(2773, 176, 'PA', 'Palana'),
(2774, 176, 'PE', 'Penza'),
(2775, 176, 'PR', 'Perm'),
(2776, 176, 'PK', 'Petropavlovsk-Kamchatskiy'),
(2777, 176, 'PT', 'Petrozavodsk'),
(2778, 176, 'PS', 'Pskov'),
(2779, 176, 'RO', 'Rostov-na-Donu'),
(2780, 176, 'RY', 'Ryazan'),
(2781, 176, 'SL', 'Salekhard'),
(2782, 176, 'SA', 'Samara'),
(2783, 176, 'SR', 'Saransk'),
(2784, 176, 'SV', 'Saratov'),
(2785, 176, 'SM', 'Smolensk'),
(2786, 176, 'SP', 'St. Petersburg'),
(2787, 176, 'ST', 'Stavropol'),
(2788, 176, 'SY', 'Syktyvkar'),
(2789, 176, 'TA', 'Tambov'),
(2790, 176, 'TO', 'Tomsk'),
(2791, 176, 'TU', 'Tula'),
(2792, 176, 'TR', 'Tura'),
(2793, 176, 'TV', 'Tver'),
(2794, 176, 'TY', 'Tyumen'),
(2795, 176, 'UF', 'Ufa'),
(2796, 176, 'UL', 'Ul''yanovsk'),
(2797, 176, 'UU', 'Ulan-Ude'),
(2798, 176, 'US', 'Ust''-Ordynskiy'),
(2799, 176, 'VL', 'Vladikavkaz'),
(2800, 176, 'VA', 'Vladimir'),
(2801, 176, 'VV', 'Vladivostok'),
(2802, 176, 'VG', 'Volgograd'),
(2803, 176, 'VD', 'Vologda'),
(2804, 176, 'VO', 'Voronezh'),
(2805, 176, 'VY', 'Vyatka'),
(2806, 176, 'YA', 'Yakutsk'),
(2807, 176, 'YR', 'Yaroslavl'),
(2808, 176, 'YE', 'Yekaterinburg'),
(2809, 176, 'YO', 'Yoshkar-Ola'),
(2810, 177, 'BU', 'Butare'),
(2811, 177, 'BY', 'Byumba'),
(2812, 177, 'CY', 'Cyangugu'),
(2813, 177, 'GK', 'Gikongoro'),
(2814, 177, 'GS', 'Gisenyi'),
(2815, 177, 'GT', 'Gitarama'),
(2816, 177, 'KG', 'Kibungo'),
(2817, 177, 'KY', 'Kibuye'),
(2818, 177, 'KR', 'Kigali Rurale'),
(2819, 177, 'KV', 'Kigali-ville'),
(2820, 177, 'RU', 'Ruhengeri'),
(2821, 177, 'UM', 'Umutara'),
(2822, 178, 'CCN', 'Christ Church Nichola Town'),
(2823, 178, 'SAS', 'Saint Anne Sandy Point'),
(2824, 178, 'SGB', 'Saint George Basseterre'),
(2825, 178, 'SGG', 'Saint George Gingerland'),
(2826, 178, 'SJW', 'Saint James Windward'),
(2827, 178, 'SJC', 'Saint John Capesterre'),
(2828, 178, 'SJF', 'Saint John Figtree'),
(2829, 178, 'SMC', 'Saint Mary Cayon'),
(2830, 178, 'CAP', 'Saint Paul Capesterre'),
(2831, 178, 'CHA', 'Saint Paul Charlestown'),
(2832, 178, 'SPB', 'Saint Peter Basseterre'),
(2833, 178, 'STL', 'Saint Thomas Lowland'),
(2834, 178, 'STM', 'Saint Thomas Middle Island'),
(2835, 178, 'TPP', 'Trinity Palmetto Point'),
(2836, 179, 'AR', 'Anse-la-Raye'),
(2837, 179, 'CA', 'Castries'),
(2838, 179, 'CH', 'Choiseul'),
(2839, 179, 'DA', 'Dauphin'),
(2840, 179, 'DE', 'Dennery'),
(2841, 179, 'GI', 'Gros-Islet'),
(2842, 179, 'LA', 'Laborie'),
(2843, 179, 'MI', 'Micoud'),
(2844, 179, 'PR', 'Praslin'),
(2845, 179, 'SO', 'Soufriere'),
(2846, 179, 'VF', 'Vieux-Fort'),
(2847, 180, 'C', 'Charlotte'),
(2848, 180, 'R', 'Grenadines'),
(2849, 180, 'A', 'Saint Andrew'),
(2850, 180, 'D', 'Saint David'),
(2851, 180, 'G', 'Saint George'),
(2852, 180, 'P', 'Saint Patrick'),
(2853, 181, 'AN', 'A''ana'),
(2854, 181, 'AI', 'Aiga-i-le-Tai'),
(2855, 181, 'AT', 'Atua'),
(2856, 181, 'FA', 'Fa''asaleleaga'),
(2857, 181, 'GE', 'Gaga''emauga'),
(2858, 181, 'GF', 'Gagaifomauga'),
(2859, 181, 'PA', 'Palauli'),
(2860, 181, 'SA', 'Satupa''itea'),
(2861, 181, 'TU', 'Tuamasaga'),
(2862, 181, 'VF', 'Va''a-o-Fonoti'),
(2863, 181, 'VS', 'Vaisigano'),
(2864, 182, 'AC', 'Acquaviva'),
(2865, 182, 'BM', 'Borgo Maggiore'),
(2866, 182, 'CH', 'Chiesanuova'),
(2867, 182, 'DO', 'Domagnano'),
(2868, 182, 'FA', 'Faetano'),
(2869, 182, 'FI', 'Fiorentino'),
(2870, 182, 'MO', 'Montegiardino'),
(2871, 182, 'SM', 'Citta di San Marino'),
(2872, 182, 'SE', 'Serravalle'),
(2873, 183, 'S', 'Sao Tome'),
(2874, 183, 'P', 'Principe'),
(2875, 184, 'BH', 'Al Bahah'),
(2876, 184, 'HS', 'Al Hudud ash Shamaliyah'),
(2877, 184, 'JF', 'Al Jawf'),
(2878, 184, 'MD', 'Al Madinah'),
(2879, 184, 'QS', 'Al Qasim'),
(2880, 184, 'RD', 'Ar Riyad'),
(2881, 184, 'AQ', 'Ash Sharqiyah (Eastern)'),
(2882, 184, 'AS', '''Asir'),
(2883, 184, 'HL', 'Ha''il'),
(2884, 184, 'JZ', 'Jizan'),
(2885, 184, 'ML', 'Makkah'),
(2886, 184, 'NR', 'Najran'),
(2887, 184, 'TB', 'Tabuk'),
(2888, 185, 'DA', 'Dakar'),
(2889, 185, 'DI', 'Diourbel'),
(2890, 185, 'FA', 'Fatick'),
(2891, 185, 'KA', 'Kaolack'),
(2892, 185, 'KO', 'Kolda'),
(2893, 185, 'LO', 'Louga'),
(2894, 185, 'MA', 'Matam'),
(2895, 185, 'SL', 'Saint-Louis'),
(2896, 185, 'TA', 'Tambacounda'),
(2897, 185, 'TH', 'Thies '),
(2898, 185, 'ZI', 'Ziguinchor'),
(2899, 186, 'AP', 'Anse aux Pins'),
(2900, 186, 'AB', 'Anse Boileau'),
(2901, 186, 'AE', 'Anse Etoile'),
(2902, 186, 'AL', 'Anse Louis'),
(2903, 186, 'AR', 'Anse Royale'),
(2904, 186, 'BL', 'Baie Lazare'),
(2905, 186, 'BS', 'Baie Sainte Anne'),
(2906, 186, 'BV', 'Beau Vallon'),
(2907, 186, 'BA', 'Bel Air'),
(2908, 186, 'BO', 'Bel Ombre'),
(2909, 186, 'CA', 'Cascade'),
(2910, 186, 'GL', 'Glacis'),
(2911, 186, 'GM', 'Grand'' Anse (on Mahe)'),
(2912, 186, 'GP', 'Grand'' Anse (on Praslin)'),
(2913, 186, 'DG', 'La Digue'),
(2914, 186, 'RA', 'La Riviere Anglaise'),
(2915, 186, 'MB', 'Mont Buxton'),
(2916, 186, 'MF', 'Mont Fleuri'),
(2917, 186, 'PL', 'Plaisance'),
(2918, 186, 'PR', 'Pointe La Rue'),
(2919, 186, 'PG', 'Port Glaud'),
(2920, 186, 'SL', 'Saint Louis'),
(2921, 186, 'TA', 'Takamaka'),
(2922, 187, 'E', 'Eastern'),
(2923, 187, 'N', 'Northern'),
(2924, 187, 'S', 'Southern'),
(2925, 187, 'W', 'Western'),
(2926, 189, 'BA', 'Banskobystricky'),
(2927, 189, 'BR', 'Bratislavsky'),
(2928, 189, 'KO', 'Kosicky'),
(2929, 189, 'NI', 'Nitriansky'),
(2930, 189, 'PR', 'Presovsky'),
(2931, 189, 'TC', 'Trenciansky'),
(2932, 189, 'TV', 'Trnavsky'),
(2933, 189, 'ZI', 'Zilinsky'),
(2934, 191, 'CE', 'Central'),
(2935, 191, 'CH', 'Choiseul'),
(2936, 191, 'GC', 'Guadalcanal'),
(2937, 191, 'HO', 'Honiara'),
(2938, 191, 'IS', 'Isabel'),
(2939, 191, 'MK', 'Makira'),
(2940, 191, 'ML', 'Malaita'),
(2941, 191, 'RB', 'Rennell and Bellona'),
(2942, 191, 'TM', 'Temotu'),
(2943, 191, 'WE', 'Western'),
(2944, 192, 'AW', 'Awdal'),
(2945, 192, 'BK', 'Bakool'),
(2946, 192, 'BN', 'Banaadir'),
(2947, 192, 'BR', 'Bari'),
(2948, 192, 'BY', 'Bay'),
(2949, 192, 'GA', 'Galguduud'),
(2950, 192, 'GE', 'Gedo'),
(2951, 192, 'HI', 'Hiiraan'),
(2952, 192, 'JD', 'Jubbada Dhexe'),
(2953, 192, 'JH', 'Jubbada Hoose'),
(2954, 192, 'MU', 'Mudug'),
(2955, 192, 'NU', 'Nugaal'),
(2956, 192, 'SA', 'Sanaag'),
(2957, 192, 'SD', 'Shabeellaha Dhexe'),
(2958, 192, 'SH', 'Shabeellaha Hoose'),
(2959, 192, 'SL', 'Sool'),
(2960, 192, 'TO', 'Togdheer'),
(2961, 192, 'WG', 'Woqooyi Galbeed'),
(2962, 193, 'EC', 'Eastern Cape'),
(2963, 193, 'FS', 'Free State'),
(2964, 193, 'GT', 'Gauteng'),
(2965, 193, 'KN', 'KwaZulu-Natal'),
(2966, 193, 'LP', 'Limpopo'),
(2967, 193, 'MP', 'Mpumalanga'),
(2968, 193, 'NW', 'North West'),
(2969, 193, 'NC', 'Northern Cape'),
(2970, 193, 'WC', 'Western Cape'),
(2971, 195, 'CA', 'A Coru&ntilde;a'),
(2972, 195, 'AL', '&Aacute;lava'),
(2973, 195, 'AB', 'Albacete'),
(2974, 195, 'AC', 'Alicante'),
(2975, 195, 'AM', 'Almeria'),
(2976, 195, 'AS', 'Asturias'),
(2977, 195, 'AV', '&Aacute;vila'),
(2978, 195, 'BJ', 'Badajoz'),
(2979, 195, 'IB', 'Baleares'),
(2980, 195, 'BA', 'Barcelona'),
(2981, 195, 'BU', 'Burgos'),
(2982, 195, 'CC', 'C&aacute;ceres'),
(2983, 195, 'CZ', 'C&aacute;diz'),
(2984, 195, 'CT', 'Cantabria'),
(2985, 195, 'CL', 'Castell&oacute;n'),
(2986, 195, 'CE', 'Ceuta'),
(2987, 195, 'CR', 'Ciudad Real'),
(2988, 195, 'CD', 'C&oacute;rdoba'),
(2989, 195, 'CU', 'Cuenca'),
(2990, 195, 'GI', 'Girona'),
(2991, 195, 'GD', 'Granada'),
(2992, 195, 'GJ', 'Guadalajara'),
(2993, 195, 'GP', 'Guip&uacute;zcoa'),
(2994, 195, 'HL', 'Huelva'),
(2995, 195, 'HS', 'Huesca'),
(2996, 195, 'JN', 'Ja&eacute;n'),
(2997, 195, 'RJ', 'La Rioja'),
(2998, 195, 'PM', 'Las Palmas'),
(2999, 195, 'LE', 'Leon'),
(3000, 195, 'LL', 'Lleida'),
(3001, 195, 'LG', 'Lugo'),
(3002, 195, 'MD', 'Madrid'),
(3003, 195, 'MA', 'Malaga'),
(3004, 195, 'ML', 'Melilla'),
(3005, 195, 'MU', 'Murcia'),
(3006, 195, 'NV', 'Navarra'),
(3007, 195, 'OU', 'Ourense'),
(3008, 195, 'PL', 'Palencia'),
(3009, 195, 'PO', 'Pontevedra'),
(3010, 195, 'SL', 'Salamanca'),
(3011, 195, 'SC', 'Santa Cruz de Tenerife'),
(3012, 195, 'SG', 'Segovia'),
(3013, 195, 'SV', 'Sevilla'),
(3014, 195, 'SO', 'Soria'),
(3015, 195, 'TA', 'Tarragona'),
(3016, 195, 'TE', 'Teruel'),
(3017, 195, 'TO', 'Toledo'),
(3018, 195, 'VC', 'Valencia'),
(3019, 195, 'VD', 'Valladolid'),
(3020, 195, 'VZ', 'Vizcaya'),
(3021, 195, 'ZM', 'Zamora'),
(3022, 195, 'ZR', 'Zaragoza'),
(3023, 196, 'CE', 'Central'),
(3024, 196, 'EA', 'Eastern'),
(3025, 196, 'NC', 'North Central'),
(3026, 196, 'NO', 'Northern'),
(3027, 196, 'NW', 'North Western'),
(3028, 196, 'SA', 'Sabaragamuwa'),
(3029, 196, 'SO', 'Southern'),
(3030, 196, 'UV', 'Uva'),
(3031, 196, 'WE', 'Western'),
(3032, 197, 'A', 'Ascension'),
(3033, 197, 'S', 'Saint Helena'),
(3034, 197, 'T', 'Tristan da Cunha'),
(3035, 199, 'ANL', 'A''ali an Nil'),
(3036, 199, 'BAM', 'Al Bahr al Ahmar'),
(3037, 199, 'BRT', 'Al Buhayrat'),
(3038, 199, 'JZR', 'Al Jazirah'),
(3039, 199, 'KRT', 'Al Khartum'),
(3040, 199, 'QDR', 'Al Qadarif'),
(3041, 199, 'WDH', 'Al Wahdah'),
(3042, 199, 'ANB', 'An Nil al Abyad'),
(3043, 199, 'ANZ', 'An Nil al Azraq'),
(3044, 199, 'ASH', 'Ash Shamaliyah'),
(3045, 199, 'BJA', 'Bahr al Jabal'),
(3046, 199, 'GIS', 'Gharb al Istiwa''iyah'),
(3047, 199, 'GBG', 'Gharb Bahr al Ghazal'),
(3048, 199, 'GDA', 'Gharb Darfur'),
(3049, 199, 'GKU', 'Gharb Kurdufan'),
(3050, 199, 'JDA', 'Janub Darfur'),
(3051, 199, 'JKU', 'Janub Kurdufan'),
(3052, 199, 'JQL', 'Junqali'),
(3053, 199, 'KSL', 'Kassala'),
(3054, 199, 'NNL', 'Nahr an Nil'),
(3055, 199, 'SBG', 'Shamal Bahr al Ghazal'),
(3056, 199, 'SDA', 'Shamal Darfur'),
(3057, 199, 'SKU', 'Shamal Kurdufan'),
(3058, 199, 'SIS', 'Sharq al Istiwa''iyah'),
(3059, 199, 'SNR', 'Sinnar'),
(3060, 199, 'WRB', 'Warab'),
(3061, 200, 'BR', 'Brokopondo'),
(3062, 200, 'CM', 'Commewijne'),
(3063, 200, 'CR', 'Coronie'),
(3064, 200, 'MA', 'Marowijne'),
(3065, 200, 'NI', 'Nickerie'),
(3066, 200, 'PA', 'Para'),
(3067, 200, 'PM', 'Paramaribo'),
(3068, 200, 'SA', 'Saramacca'),
(3069, 200, 'SI', 'Sipaliwini'),
(3070, 200, 'WA', 'Wanica'),
(3071, 202, 'H', 'Hhohho'),
(3072, 202, 'L', 'Lubombo'),
(3073, 202, 'M', 'Manzini'),
(3074, 202, 'S', 'Shishelweni'),
(3075, 203, 'BL', 'Blekinge'),
(3076, 203, 'DA', 'Dalama'),
(3077, 203, 'GA', 'Gavleborg'),
(3078, 203, 'GO', 'Gotland'),
(3079, 203, 'HA', 'Halland'),
(3080, 203, 'JA', 'Jamtland'),
(3081, 203, 'JO', 'Jonkping'),
(3082, 203, 'KA', 'Kalmar'),
(3083, 203, 'KR', 'Kronoberg'),
(3084, 203, 'NO', 'Norrbotten'),
(3085, 203, 'OR', 'Orebro'),
(3086, 203, 'OG', 'Ostergotland'),
(3087, 203, 'SK', 'Skane'),
(3088, 203, 'SO', 'Sodermanland'),
(3089, 203, 'ST', 'Stockholm'),
(3090, 203, 'UP', 'Uppdala'),
(3091, 203, 'VL', 'Varmland'),
(3092, 203, 'VB', 'Vasterbotten'),
(3093, 203, 'VN', 'Vasternorrland'),
(3094, 203, 'VM', 'Vastmanland'),
(3095, 203, 'VG', 'Vastra Gotaland'),
(3096, 204, 'AG', 'Aargau'),
(3097, 204, 'AR', 'Appenzell Ausserrhoden'),
(3098, 204, 'AI', 'Appenzell Innerrhoden'),
(3099, 204, 'BS', 'Basel-Stadt'),
(3100, 204, 'BL', 'Basel-Landschaft'),
(3101, 204, 'BE', 'Bern'),
(3102, 204, 'FR', 'Fribourg'),
(3103, 204, 'GE', 'Gen&egrave;ve'),
(3104, 204, 'GL', 'Glarus'),
(3105, 204, 'GR', 'Graubnden'),
(3106, 204, 'JU', 'Jura'),
(3107, 204, 'LU', 'Luzern'),
(3108, 204, 'NE', 'Neuchtel'),
(3109, 204, 'NW', 'Nidwald'),
(3110, 204, 'OW', 'Obwald'),
(3111, 204, 'SG', 'St. Gallen'),
(3112, 204, 'SH', 'Schaffhausen'),
(3113, 204, 'SZ', 'Schwyz'),
(3114, 204, 'SO', 'Solothurn'),
(3115, 204, 'TG', 'Thurgau'),
(3116, 204, 'TI', 'Ticino'),
(3117, 204, 'UR', 'Uri'),
(3118, 204, 'VS', 'Valais'),
(3119, 204, 'VD', 'Vaud'),
(3120, 204, 'ZG', 'Zug'),
(3121, 204, 'ZH', 'Z&uuml;rich'),
(3122, 205, 'HA', 'Al Hasakah'),
(3123, 205, 'LA', 'Al Ladhiqiyah'),
(3124, 205, 'QU', 'Al Qunaytirah'),
(3125, 205, 'RQ', 'Ar Raqqah'),
(3126, 205, 'SU', 'As Suwayda'),
(3127, 205, 'DA', 'Dara'),
(3128, 205, 'DZ', 'Dayr az Zawr'),
(3129, 205, 'DI', 'Dimashq'),
(3130, 205, 'HL', 'Halab'),
(3131, 205, 'HM', 'Hamah'),
(3132, 205, 'HI', 'Hims'),
(3133, 205, 'ID', 'Idlib'),
(3134, 205, 'RD', 'Rif Dimashq'),
(3135, 205, 'TA', 'Tartus'),
(3136, 206, 'CH', 'Chang-hua'),
(3137, 206, 'CI', 'Chia-i'),
(3138, 206, 'HS', 'Hsin-chu'),
(3139, 206, 'HL', 'Hua-lien'),
(3140, 206, 'IL', 'I-lan'),
(3141, 206, 'KH', 'Kao-hsiung county'),
(3142, 206, 'KM', 'Kin-men'),
(3143, 206, 'LC', 'Lien-chiang'),
(3144, 206, 'ML', 'Miao-li'),
(3145, 206, 'NT', 'Nan-t''ou'),
(3146, 206, 'PH', 'P''eng-hu'),
(3147, 206, 'PT', 'P''ing-tung'),
(3148, 206, 'TG', 'T''ai-chung'),
(3149, 206, 'TA', 'T''ai-nan'),
(3150, 206, 'TP', 'T''ai-pei county'),
(3151, 206, 'TT', 'T''ai-tung'),
(3152, 206, 'TY', 'T''ao-yuan'),
(3153, 206, 'YL', 'Yun-lin'),
(3154, 206, 'CC', 'Chia-i city'),
(3155, 206, 'CL', 'Chi-lung'),
(3156, 206, 'HC', 'Hsin-chu'),
(3157, 206, 'TH', 'T''ai-chung'),
(3158, 206, 'TN', 'T''ai-nan'),
(3159, 206, 'KC', 'Kao-hsiung city '),
(3160, 206, 'TC', 'T''ai-pei city '),
(3161, 207, 'GB', 'Gorno-Badakhstan'),
(3162, 207, 'KT', 'Khatlon'),
(3163, 207, 'SU', 'Sughd'),
(3164, 208, 'AR', 'Arusha'),
(3165, 208, 'DS', 'Dar es Salaam'),
(3166, 208, 'DO', 'Dodoma'),
(3167, 208, 'IR', 'Iringa'),
(3168, 208, 'KA', 'Kagera'),
(3169, 208, 'KI', 'Kigoma'),
(3170, 208, 'KJ', 'Kilimanjaro'),
(3171, 208, 'LN', 'Lindi'),
(3172, 208, 'MY', 'Manyara'),
(3173, 208, 'MR', 'Mara'),
(3174, 208, 'MB', 'Mbeya'),
(3175, 208, 'MO', 'Morogoro'),
(3176, 208, 'MT', 'Mtwara'),
(3177, 208, 'MW', 'Mwanza'),
(3178, 208, 'PN', 'Pemba North'),
(3179, 208, 'PS', 'Pemba South'),
(3180, 208, 'PW', 'Pwani'),
(3181, 208, 'RK', 'Rukwa'),
(3182, 208, 'RV', 'Ruvuma'),
(3183, 208, 'SH', 'Shinyanga'),
(3184, 208, 'SI', 'Singida'),
(3185, 208, 'TB', 'Tabora'),
(3186, 208, 'TN', 'Tanga'),
(3187, 208, 'ZC', 'Zanzibar Central/South'),
(3188, 208, 'ZN', 'Zanzibar North'),
(3189, 208, 'ZU', 'Zanzibar Urban/West'),
(3190, 209, 'Amnat Charoen', 'Amnat Charoen'),
(3191, 209, 'Ang Thong', 'Ang Thong'),
(3192, 209, 'Ayutthaya', 'Ayutthaya'),
(3193, 209, 'Bangkok', 'Bangkok'),
(3194, 209, 'Buriram', 'Buriram'),
(3195, 209, 'Chachoengsao', 'Chachoengsao'),
(3196, 209, 'Chai Nat', 'Chai Nat'),
(3197, 209, 'Chaiyaphum', 'Chaiyaphum'),
(3198, 209, 'Chanthaburi', 'Chanthaburi'),
(3199, 209, 'Chiang Mai', 'Chiang Mai'),
(3200, 209, 'Chiang Rai', 'Chiang Rai'),
(3201, 209, 'Chon Buri', 'Chon Buri'),
(3202, 209, 'Chumphon', 'Chumphon'),
(3203, 209, 'Kalasin', 'Kalasin'),
(3204, 209, 'Kamphaeng Phet', 'Kamphaeng Phet'),
(3205, 209, 'Kanchanaburi', 'Kanchanaburi'),
(3206, 209, 'Khon Kaen', 'Khon Kaen'),
(3207, 209, 'Krabi', 'Krabi'),
(3208, 209, 'Lampang', 'Lampang'),
(3209, 209, 'Lamphun', 'Lamphun'),
(3210, 209, 'Loei', 'Loei'),
(3211, 209, 'Lop Buri', 'Lop Buri'),
(3212, 209, 'Mae Hong Son', 'Mae Hong Son'),
(3213, 209, 'Maha Sarakham', 'Maha Sarakham'),
(3214, 209, 'Mukdahan', 'Mukdahan'),
(3215, 209, 'Nakhon Nayok', 'Nakhon Nayok'),
(3216, 209, 'Nakhon Pathom', 'Nakhon Pathom'),
(3217, 209, 'Nakhon Phanom', 'Nakhon Phanom'),
(3218, 209, 'Nakhon Ratchasima', 'Nakhon Ratchasima'),
(3219, 209, 'Nakhon Sawan', 'Nakhon Sawan'),
(3220, 209, 'Nakhon Si Thammarat', 'Nakhon Si Thammarat'),
(3221, 209, 'Nan', 'Nan'),
(3222, 209, 'Narathiwat', 'Narathiwat'),
(3223, 209, 'Nong Bua Lamphu', 'Nong Bua Lamphu'),
(3224, 209, 'Nong Khai', 'Nong Khai'),
(3225, 209, 'Nonthaburi', 'Nonthaburi'),
(3226, 209, 'Pathum Thani', 'Pathum Thani'),
(3227, 209, 'Pattani', 'Pattani'),
(3228, 209, 'Phangnga', 'Phangnga'),
(3229, 209, 'Phatthalung', 'Phatthalung'),
(3230, 209, 'Phayao', 'Phayao'),
(3231, 209, 'Phetchabun', 'Phetchabun'),
(3232, 209, 'Phetchaburi', 'Phetchaburi'),
(3233, 209, 'Phichit', 'Phichit'),
(3234, 209, 'Phitsanulok', 'Phitsanulok'),
(3235, 209, 'Phrae', 'Phrae'),
(3236, 209, 'Phuket', 'Phuket'),
(3237, 209, 'Prachin Buri', 'Prachin Buri'),
(3238, 209, 'Prachuap Khiri Khan', 'Prachuap Khiri Khan'),
(3239, 209, 'Ranong', 'Ranong'),
(3240, 209, 'Ratchaburi', 'Ratchaburi'),
(3241, 209, 'Rayong', 'Rayong'),
(3242, 209, 'Roi Et', 'Roi Et'),
(3243, 209, 'Sa Kaeo', 'Sa Kaeo'),
(3244, 209, 'Sakon Nakhon', 'Sakon Nakhon'),
(3245, 209, 'Samut Prakan', 'Samut Prakan'),
(3246, 209, 'Samut Sakhon', 'Samut Sakhon'),
(3247, 209, 'Samut Songkhram', 'Samut Songkhram'),
(3248, 209, 'Sara Buri', 'Sara Buri'),
(3249, 209, 'Satun', 'Satun'),
(3250, 209, 'Sing Buri', 'Sing Buri'),
(3251, 209, 'Sisaket', 'Sisaket'),
(3252, 209, 'Songkhla', 'Songkhla'),
(3253, 209, 'Sukhothai', 'Sukhothai'),
(3254, 209, 'Suphan Buri', 'Suphan Buri'),
(3255, 209, 'Surat Thani', 'Surat Thani'),
(3256, 209, 'Surin', 'Surin'),
(3257, 209, 'Tak', 'Tak'),
(3258, 209, 'Trang', 'Trang'),
(3259, 209, 'Trat', 'Trat'),
(3260, 209, 'Ubon Ratchathani', 'Ubon Ratchathani'),
(3261, 209, 'Udon Thani', 'Udon Thani'),
(3262, 209, 'Uthai Thani', 'Uthai Thani'),
(3263, 209, 'Uttaradit', 'Uttaradit'),
(3264, 209, 'Yala', 'Yala'),
(3265, 209, 'Yasothon', 'Yasothon'),
(3266, 210, 'K', 'Kara'),
(3267, 210, 'P', 'Plateaux'),
(3268, 210, 'S', 'Savanes'),
(3269, 210, 'C', 'Centrale'),
(3270, 210, 'M', 'Maritime'),
(3271, 211, 'A', 'Atafu'),
(3272, 211, 'F', 'Fakaofo'),
(3273, 211, 'N', 'Nukunonu'),
(3274, 212, 'H', 'Ha''apai'),
(3275, 212, 'T', 'Tongatapu'),
(3276, 212, 'V', 'Vava''u'),
(3277, 213, 'CT', 'Couva/Tabaquite/Talparo'),
(3278, 213, 'DM', 'Diego Martin'),
(3279, 213, 'MR', 'Mayaro/Rio Claro'),
(3280, 213, 'PD', 'Penal/Debe'),
(3281, 213, 'PT', 'Princes Town'),
(3282, 213, 'SG', 'Sangre Grande'),
(3283, 213, 'SL', 'San Juan/Laventille'),
(3284, 213, 'SI', 'Siparia'),
(3285, 213, 'TP', 'Tunapuna/Piarco'),
(3286, 213, 'PS', 'Port of Spain'),
(3287, 213, 'SF', 'San Fernando'),
(3288, 213, 'AR', 'Arima'),
(3289, 213, 'PF', 'Point Fortin'),
(3290, 213, 'CH', 'Chaguanas'),
(3291, 213, 'TO', 'Tobago'),
(3292, 214, 'AR', 'Ariana'),
(3293, 214, 'BJ', 'Beja'),
(3294, 214, 'BA', 'Ben Arous'),
(3295, 214, 'BI', 'Bizerte'),
(3296, 214, 'GB', 'Gabes'),
(3297, 214, 'GF', 'Gafsa'),
(3298, 214, 'JE', 'Jendouba'),
(3299, 214, 'KR', 'Kairouan'),
(3300, 214, 'KS', 'Kasserine'),
(3301, 214, 'KB', 'Kebili'),
(3302, 214, 'KF', 'Kef'),
(3303, 214, 'MH', 'Mahdia'),
(3304, 214, 'MN', 'Manouba'),
(3305, 214, 'ME', 'Medenine'),
(3306, 214, 'MO', 'Monastir'),
(3307, 214, 'NA', 'Nabeul'),
(3308, 214, 'SF', 'Sfax'),
(3309, 214, 'SD', 'Sidi'),
(3310, 214, 'SL', 'Siliana'),
(3311, 214, 'SO', 'Sousse'),
(3312, 214, 'TA', 'Tataouine'),
(3313, 214, 'TO', 'Tozeur'),
(3314, 214, 'TU', 'Tunis'),
(3315, 214, 'ZA', 'Zaghouan'),
(3316, 215, 'ADA', 'Adana'),
(3317, 215, 'ADI', 'Adiyaman');
INSERT INTO zones (zone_id, zone_country_id, zone_code, zone_name) VALUES 
(3318, 215, 'AFY', 'Afyonkarahisar'),
(3319, 215, 'AGR', 'Agri'),
(3320, 215, 'AKS', 'Aksaray'),
(3321, 215, 'AMA', 'Amasya'),
(3322, 215, 'ANK', 'Ankara'),
(3323, 215, 'ANT', 'Antalya'),
(3324, 215, 'ARD', 'Ardahan'),
(3325, 215, 'ART', 'Artvin'),
(3326, 215, 'AYI', 'Aydin'),
(3327, 215, 'BAL', 'Balikesir'),
(3328, 215, 'BAR', 'Bartin'),
(3329, 215, 'BAT', 'Batman'),
(3330, 215, 'BAY', 'Bayburt'),
(3331, 215, 'BIL', 'Bilecik'),
(3332, 215, 'BIN', 'Bingol'),
(3333, 215, 'BIT', 'Bitlis'),
(3334, 215, 'BOL', 'Bolu'),
(3335, 215, 'BRD', 'Burdur'),
(3336, 215, 'BRS', 'Bursa'),
(3337, 215, 'CKL', 'Canakkale'),
(3338, 215, 'CKR', 'Cankiri'),
(3339, 215, 'COR', 'Corum'),
(3340, 215, 'DEN', 'Denizli'),
(3341, 215, 'DIY', 'Diyarbakir'),
(3342, 215, 'DUZ', 'Duzce'),
(3343, 215, 'EDI', 'Edirne'),
(3344, 215, 'ELA', 'Elazig'),
(3345, 215, 'EZC', 'Erzincan'),
(3346, 215, 'EZR', 'Erzurum'),
(3347, 215, 'ESK', 'Eskisehir'),
(3348, 215, 'GAZ', 'Gaziantep'),
(3349, 215, 'GIR', 'Giresun'),
(3350, 215, 'GMS', 'Gumushane'),
(3351, 215, 'HKR', 'Hakkari'),
(3352, 215, 'HTY', 'Hatay'),
(3353, 215, 'IGD', 'Igdir'),
(3354, 215, 'ISP', 'Isparta'),
(3355, 215, 'IST', 'Istanbul'),
(3356, 215, 'IZM', 'Izmir'),
(3357, 215, 'KAH', 'Kahramanmaras'),
(3358, 215, 'KRB', 'Karabuk'),
(3359, 215, 'KRM', 'Karaman'),
(3360, 215, 'KRS', 'Kars'),
(3361, 215, 'KAS', 'Kastamonu'),
(3362, 215, 'KAY', 'Kayseri'),
(3363, 215, 'KLS', 'Kilis'),
(3364, 215, 'KRK', 'Kirikkale'),
(3365, 215, 'KLR', 'Kirklareli'),
(3366, 215, 'KRH', 'Kirsehir'),
(3367, 215, 'KOC', 'Kocaeli'),
(3368, 215, 'KON', 'Konya'),
(3369, 215, 'KUT', 'Kutahya'),
(3370, 215, 'MAL', 'Malatya'),
(3371, 215, 'MAN', 'Manisa'),
(3372, 215, 'MAR', 'Mardin'),
(3373, 215, 'MER', 'Mersin'),
(3374, 215, 'MUG', 'Mugla'),
(3375, 215, 'MUS', 'Mus'),
(3376, 215, 'NEV', 'Nevsehir'),
(3377, 215, 'NIG', 'Nigde'),
(3378, 215, 'ORD', 'Ordu'),
(3379, 215, 'OSM', 'Osmaniye'),
(3380, 215, 'RIZ', 'Rize'),
(3381, 215, 'SAK', 'Sakarya'),
(3382, 215, 'SAM', 'Samsun'),
(3383, 215, 'SAN', 'Sanliurfa'),
(3384, 215, 'SII', 'Siirt'),
(3385, 215, 'SIN', 'Sinop'),
(3386, 215, 'SIR', 'Sirnak'),
(3387, 215, 'SIV', 'Sivas'),
(3388, 215, 'TEL', 'Tekirdag'),
(3389, 215, 'TOK', 'Tokat'),
(3390, 215, 'TRA', 'Trabzon'),
(3391, 215, 'TUN', 'Tunceli'),
(3392, 215, 'USK', 'Usak'),
(3393, 215, 'VAN', 'Van'),
(3394, 215, 'YAL', 'Yalova'),
(3395, 215, 'YOZ', 'Yozgat'),
(3396, 215, 'ZON', 'Zonguldak'),
(3397, 216, 'A', 'Ahal Welayaty'),
(3398, 216, 'B', 'Balkan Welayaty '),
(3399, 216, 'D', 'Dashhowuz Welayaty'),
(3400, 216, 'L', 'Lebap Welayaty'),
(3401, 216, 'M', 'Mary Welayaty'),
(3402, 217, 'AC', 'Ambergris Cays'),
(3403, 217, 'DC', 'Dellis Cay'),
(3404, 217, 'FC', 'French Cay'),
(3405, 217, 'LW', 'Little Water Cay'),
(3406, 217, 'RC', 'Parrot Cay'),
(3407, 217, 'PN', 'Pine Cay'),
(3408, 217, 'SL', 'Salt Cay'),
(3409, 217, 'GT', 'Grand Turk'),
(3410, 217, 'SC', 'South Caicos'),
(3411, 217, 'EC', 'East Caicos'),
(3412, 217, 'MC', 'Middle Caicos'),
(3413, 217, 'NC', 'North Caicos'),
(3414, 217, 'PR', 'Providenciales'),
(3415, 217, 'WC', 'West Caicos'),
(3416, 218, 'NMG', 'Nanumanga'),
(3417, 218, 'NLK', 'Niulakita'),
(3418, 218, 'NTO', 'Niutao'),
(3419, 218, 'FUN', 'Funafuti'),
(3420, 218, 'NME', 'Nanumea'),
(3421, 218, 'NUI', 'Nui'),
(3422, 218, 'NFT', 'Nukufetau'),
(3423, 218, 'NLL', 'Nukulaelae'),
(3424, 218, 'VAI', 'Vaitupu'),
(3425, 219, 'KAL', 'Kalangala'),
(3426, 219, 'KMP', 'Kampala'),
(3427, 219, 'KAY', 'Kayunga'),
(3428, 219, 'KIB', 'Kiboga'),
(3429, 219, 'LUW', 'Luwero'),
(3430, 219, 'MAS', 'Masaka'),
(3431, 219, 'MPI', 'Mpigi'),
(3432, 219, 'MUB', 'Mubende'),
(3433, 219, 'MUK', 'Mukono'),
(3434, 219, 'NKS', 'Nakasongola'),
(3435, 219, 'RAK', 'Rakai'),
(3436, 219, 'SEM', 'Sembabule'),
(3437, 219, 'WAK', 'Wakiso'),
(3438, 219, 'BUG', 'Bugiri'),
(3439, 219, 'BUS', 'Busia'),
(3440, 219, 'IGA', 'Iganga'),
(3441, 219, 'JIN', 'Jinja'),
(3442, 219, 'KAB', 'Kaberamaido'),
(3443, 219, 'KML', 'Kamuli'),
(3444, 219, 'KPC', 'Kapchorwa'),
(3445, 219, 'KTK', 'Katakwi'),
(3446, 219, 'KUM', 'Kumi'),
(3447, 219, 'MAY', 'Mayuge'),
(3448, 219, 'MBA', 'Mbale'),
(3449, 219, 'PAL', 'Pallisa'),
(3450, 219, 'SIR', 'Sironko'),
(3451, 219, 'SOR', 'Soroti'),
(3452, 219, 'TOR', 'Tororo'),
(3453, 219, 'ADJ', 'Adjumani'),
(3454, 219, 'APC', 'Apac'),
(3455, 219, 'ARU', 'Arua'),
(3456, 219, 'GUL', 'Gulu'),
(3457, 219, 'KIT', 'Kitgum'),
(3458, 219, 'KOT', 'Kotido'),
(3459, 219, 'LIR', 'Lira'),
(3460, 219, 'MRT', 'Moroto'),
(3461, 219, 'MOY', 'Moyo'),
(3462, 219, 'NAK', 'Nakapiripirit'),
(3463, 219, 'NEB', 'Nebbi'),
(3464, 219, 'PAD', 'Pader'),
(3465, 219, 'YUM', 'Yumbe'),
(3466, 219, 'BUN', 'Bundibugyo'),
(3467, 219, 'BSH', 'Bushenyi'),
(3468, 219, 'HOI', 'Hoima'),
(3469, 219, 'KBL', 'Kabale'),
(3470, 219, 'KAR', 'Kabarole'),
(3471, 219, 'KAM', 'Kamwenge'),
(3472, 219, 'KAN', 'Kanungu'),
(3473, 219, 'KAS', 'Kasese'),
(3474, 219, 'KBA', 'Kibaale'),
(3475, 219, 'KIS', 'Kisoro'),
(3476, 219, 'KYE', 'Kyenjojo'),
(3477, 219, 'MSN', 'Masindi'),
(3478, 219, 'MBR', 'Mbarara'),
(3479, 219, 'NTU', 'Ntungamo'),
(3480, 219, 'RUK', 'Rukungiri'),
(3481, 220, 'CK', 'Cherkasy'),
(3482, 220, 'CH', 'Chernihiv'),
(3483, 220, 'CV', 'Chernivtsi'),
(3484, 220, 'CR', 'Crimea'),
(3485, 220, 'DN', 'Dnipropetrovs''k'),
(3486, 220, 'DO', 'Donets''k'),
(3487, 220, 'IV', 'Ivano-Frankivs''k'),
(3488, 220, 'KL', 'Kharkiv Kherson'),
(3489, 220, 'KM', 'Khmel''nyts''kyy'),
(3490, 220, 'KR', 'Kirovohrad'),
(3491, 220, 'KV', 'Kiev'),
(3492, 220, 'KY', 'Kyyiv'),
(3493, 220, 'LU', 'Luhans''k'),
(3494, 220, 'LV', 'L''viv'),
(3495, 220, 'MY', 'Mykolayiv'),
(3496, 220, 'OD', 'Odesa'),
(3497, 220, 'PO', 'Poltava'),
(3498, 220, 'RI', 'Rivne'),
(3499, 220, 'SE', 'Sevastopol'),
(3500, 220, 'SU', 'Sumy'),
(3501, 220, 'TE', 'Ternopil'''),
(3502, 220, 'VI', 'Vinnytsya'),
(3503, 220, 'VO', 'Volyn'''),
(3504, 220, 'ZK', 'Zakarpattya'),
(3505, 220, 'ZA', 'Zaporizhzhya'),
(3506, 220, 'ZH', 'Zhytomyr'),
(3507, 221, 'AZ', 'Abu Zaby'),
(3508, 221, 'AJ', '''Ajman'),
(3509, 221, 'FU', 'Al Fujayrah'),
(3510, 221, 'SH', 'Ash Shariqah'),
(3511, 221, 'DU', 'Dubayy'),
(3512, 221, 'RK', 'R''as al Khaymah'),
(3513, 221, 'UQ', 'Umm al Qaywayn'),
(3514, 222, 'ABN', 'Aberdeen'),
(3515, 222, 'ABNS', 'Aberdeenshire'),
(3516, 222, 'ANG', 'Anglesey'),
(3517, 222, 'AGS', 'Angus'),
(3518, 222, 'ARY', 'Argyll and Bute'),
(3519, 222, 'BEDS', 'Bedfordshire'),
(3520, 222, 'BERKS', 'Berkshire'),
(3521, 222, 'BLA', 'Blaenau Gwent'),
(3522, 222, 'BRI', 'Bridgend'),
(3523, 222, 'BSTL', 'Bristol'),
(3524, 222, 'BUCKS', 'Buckinghamshire'),
(3525, 222, 'CAE', 'Caerphilly'),
(3526, 222, 'CAMBS', 'Cambridgeshire'),
(3527, 222, 'CDF', 'Cardiff'),
(3528, 222, 'CARM', 'Carmarthenshire'),
(3529, 222, 'CDGN', 'Ceredigion'),
(3530, 222, 'CHES', 'Cheshire'),
(3531, 222, 'CLACK', 'Clackmannanshire'),
(3532, 222, 'CON', 'Conwy'),
(3533, 222, 'CORN', 'Cornwall'),
(3534, 222, 'DNBG', 'Denbighshire'),
(3535, 222, 'DERBY', 'Derbyshire'),
(3536, 222, 'DVN', 'Devon'),
(3537, 222, 'DOR', 'Dorset'),
(3538, 222, 'DGL', 'Dumfries and Galloway'),
(3539, 222, 'DUND', 'Dundee'),
(3540, 222, 'DHM', 'Durham'),
(3541, 222, 'ARYE', 'East Ayrshire'),
(3542, 222, 'DUNBE', 'East Dunbartonshire'),
(3543, 222, 'LOTE', 'East Lothian'),
(3544, 222, 'RENE', 'East Renfrewshire'),
(3545, 222, 'ERYS', 'East Riding of Yorkshire'),
(3546, 222, 'SXE', 'East Sussex'),
(3547, 222, 'EDIN', 'Edinburgh'),
(3548, 222, 'ESX', 'Essex'),
(3549, 222, 'FALK', 'Falkirk'),
(3550, 222, 'FFE', 'Fife'),
(3551, 222, 'FLINT', 'Flintshire'),
(3552, 222, 'GLAS', 'Glasgow'),
(3553, 222, 'GLOS', 'Gloucestershire'),
(3554, 222, 'LDN', 'Greater London'),
(3555, 222, 'MCH', 'Greater Manchester'),
(3556, 222, 'GDD', 'Gwynedd'),
(3557, 222, 'HANTS', 'Hampshire'),
(3558, 222, 'HWR', 'Herefordshire'),
(3559, 222, 'HERTS', 'Hertfordshire'),
(3560, 222, 'HLD', 'Highlands'),
(3561, 222, 'IVER', 'Inverclyde'),
(3562, 222, 'IOW', 'Isle of Wight'),
(3563, 222, 'KNT', 'Kent'),
(3564, 222, 'LANCS', 'Lancashire'),
(3565, 222, 'LEICS', 'Leicestershire'),
(3566, 222, 'LINCS', 'Lincolnshire'),
(3567, 222, 'MSY', 'Merseyside'),
(3568, 222, 'MERT', 'Merthyr Tydfil'),
(3569, 222, 'MLOT', 'Midlothian'),
(3570, 222, 'MMOUTH', 'Monmouthshire'),
(3571, 222, 'MORAY', 'Moray'),
(3572, 222, 'NPRTAL', 'Neath Port Talbot'),
(3573, 222, 'NEWPT', 'Newport'),
(3574, 222, 'NOR', 'Norfolk'),
(3575, 222, 'ARYN', 'North Ayrshire'),
(3576, 222, 'LANN', 'North Lanarkshire'),
(3577, 222, 'YSN', 'North Yorkshire'),
(3578, 222, 'NHM', 'Northamptonshire'),
(3579, 222, 'NLD', 'Northumberland'),
(3580, 222, 'NOT', 'Nottinghamshire'),
(3581, 222, 'ORK', 'Orkney Islands'),
(3582, 222, 'OFE', 'Oxfordshire'),
(3583, 222, 'PEM', 'Pembrokeshire'),
(3584, 222, 'PERTH', 'Perth and Kinross'),
(3585, 222, 'PWS', 'Powys'),
(3586, 222, 'REN', 'Renfrewshire'),
(3587, 222, 'RHON', 'Rhondda Cynon Taff'),
(3588, 222, 'RUT', 'Rutland'),
(3589, 222, 'BOR', 'Scottish Borders'),
(3590, 222, 'SHET', 'Shetland Islands'),
(3591, 222, 'SPE', 'Shropshire'),
(3592, 222, 'SOM', 'Somerset'),
(3593, 222, 'ARYS', 'South Ayrshire'),
(3594, 222, 'LANS', 'South Lanarkshire'),
(3595, 222, 'YSS', 'South Yorkshire'),
(3596, 222, 'SFD', 'Staffordshire'),
(3597, 222, 'STIR', 'Stirling'),
(3598, 222, 'SFK', 'Suffolk'),
(3599, 222, 'SRY', 'Surrey'),
(3600, 222, 'SWAN', 'Swansea'),
(3601, 222, 'TORF', 'Torfaen'),
(3602, 222, 'TWR', 'Tyne and Wear'),
(3603, 222, 'VGLAM', 'Vale of Glamorgan'),
(3604, 222, 'WARKS', 'Warwickshire'),
(3605, 222, 'WDUN', 'West Dunbartonshire'),
(3606, 222, 'WLOT', 'West Lothian'),
(3607, 222, 'WMD', 'West Midlands'),
(3608, 222, 'SXW', 'West Sussex'),
(3609, 222, 'YSW', 'West Yorkshire'),
(3610, 222, 'WIL', 'Western Isles'),
(3611, 222, 'WLT', 'Wiltshire'),
(3612, 222, 'WORCS', 'Worcestershire'),
(3613, 222, 'WRX', 'Wrexham'),
(3614, 223, 'AL', 'Alabama'),
(3615, 223, 'AK', 'Alaska'),
(3616, 223, 'AS', 'American Samoa'),
(3617, 223, 'AZ', 'Arizona'),
(3618, 223, 'AR', 'Arkansas'),
(3619, 223, 'AF', 'Armed Forces Africa'),
(3620, 223, 'AA', 'Armed Forces Americas'),
(3621, 223, 'AC', 'Armed Forces Canada'),
(3622, 223, 'AE', 'Armed Forces Europe'),
(3623, 223, 'AM', 'Armed Forces Middle East'),
(3624, 223, 'AP', 'Armed Forces Pacific'),
(3625, 223, 'CA', 'California'),
(3626, 223, 'CO', 'Colorado'),
(3627, 223, 'CT', 'Connecticut'),
(3628, 223, 'DE', 'Delaware'),
(3629, 223, 'DC', 'District of Columbia'),
(3630, 223, 'FM', 'Federated States Of Micronesia'),
(3631, 223, 'FL', 'Florida'),
(3632, 223, 'GA', 'Georgia'),
(3633, 223, 'GU', 'Guam'),
(3634, 223, 'HI', 'Hawaii'),
(3635, 223, 'ID', 'Idaho'),
(3636, 223, 'IL', 'Illinois'),
(3637, 223, 'IN', 'Indiana'),
(3638, 223, 'IA', 'Iowa'),
(3639, 223, 'KS', 'Kansas'),
(3640, 223, 'KY', 'Kentucky'),
(3641, 223, 'LA', 'Louisiana'),
(3642, 223, 'ME', 'Maine'),
(3643, 223, 'MH', 'Marshall Islands'),
(3644, 223, 'MD', 'Maryland'),
(3645, 223, 'MA', 'Massachusetts'),
(3646, 223, 'MI', 'Michigan'),
(3647, 223, 'MN', 'Minnesota'),
(3648, 223, 'MS', 'Mississippi'),
(3649, 223, 'MO', 'Missouri'),
(3650, 223, 'MT', 'Montana'),
(3651, 223, 'NE', 'Nebraska'),
(3652, 223, 'NV', 'Nevada'),
(3653, 223, 'NH', 'New Hampshire'),
(3654, 223, 'NJ', 'New Jersey'),
(3655, 223, 'NM', 'New Mexico'),
(3656, 223, 'NY', 'New York'),
(3657, 223, 'NC', 'North Carolina'),
(3658, 223, 'ND', 'North Dakota'),
(3659, 223, 'MP', 'Northern Mariana Islands'),
(3660, 223, 'OH', 'Ohio'),
(3661, 223, 'OK', 'Oklahoma'),
(3662, 223, 'OR', 'Oregon'),
(3663, 223, 'PW', 'Palau'),
(3664, 223, 'PA', 'Pennsylvania'),
(3665, 223, 'PR', 'Puerto Rico'),
(3666, 223, 'RI', 'Rhode Island'),
(3667, 223, 'SC', 'South Carolina'),
(3668, 223, 'SD', 'South Dakota'),
(3669, 223, 'TN', 'Tennessee'),
(3670, 223, 'TX', 'Texas'),
(3671, 223, 'UT', 'Utah'),
(3672, 223, 'VT', 'Vermont'),
(3673, 223, 'VI', 'Virgin Islands'),
(3674, 223, 'VA', 'Virginia'),
(3675, 223, 'WA', 'Washington'),
(3676, 223, 'WV', 'West Virginia'),
(3677, 223, 'WI', 'Wisconsin'),
(3678, 223, 'WY', 'Wyoming'),
(3679, 224, 'BI', 'Baker Island'),
(3680, 224, 'HI', 'Howland Island'),
(3681, 224, 'JI', 'Jarvis Island'),
(3682, 224, 'JA', 'Johnston Atoll'),
(3683, 224, 'KR', 'Kingman Reef'),
(3684, 224, 'MA', 'Midway Atoll'),
(3685, 224, 'NI', 'Navassa Island'),
(3686, 224, 'PA', 'Palmyra Atoll'),
(3687, 224, 'WI', 'Wake Island'),
(3688, 225, 'AR', 'Artigas'),
(3689, 225, 'CA', 'Canelones'),
(3690, 225, 'CL', 'Cerro Largo'),
(3691, 225, 'CO', 'Colonia'),
(3692, 225, 'DU', 'Durazno'),
(3693, 225, 'FS', 'Flores'),
(3694, 225, 'FA', 'Florida'),
(3695, 225, 'LA', 'Lavalleja'),
(3696, 225, 'MA', 'Maldonado'),
(3697, 225, 'MO', 'Montevideo'),
(3698, 225, 'PA', 'Paysandu'),
(3699, 225, 'RN', 'Rio Negro'),
(3700, 225, 'RV', 'Rivera'),
(3701, 225, 'RO', 'Rocha'),
(3702, 225, 'SL', 'Salto'),
(3703, 225, 'SJ', 'San Jose'),
(3704, 225, 'SO', 'Soriano'),
(3705, 225, 'TA', 'Tacuarembo'),
(3706, 225, 'TT', 'Treinta y Tres'),
(3707, 226, 'AN', 'Andijon'),
(3708, 226, 'BU', 'Buxoro'),
(3709, 226, 'FA', 'Farg''ona'),
(3710, 226, 'JI', 'Jizzax'),
(3711, 226, 'NG', 'Namangan'),
(3712, 226, 'NW', 'Navoiy'),
(3713, 226, 'QA', 'Qashqadaryo'),
(3714, 226, 'QR', 'Qoraqalpog''iston Republikasi'),
(3715, 226, 'SA', 'Samarqand'),
(3716, 226, 'SI', 'Sirdaryo'),
(3717, 226, 'SU', 'Surxondaryo'),
(3718, 226, 'TK', 'Toshkent City'),
(3719, 226, 'TO', 'Toshkent Region'),
(3720, 226, 'XO', 'Xorazm'),
(3721, 227, 'MA', 'Malampa'),
(3722, 227, 'PE', 'Penama'),
(3723, 227, 'SA', 'Sanma'),
(3724, 227, 'SH', 'Shefa'),
(3725, 227, 'TA', 'Tafea'),
(3726, 227, 'TO', 'Torba'),
(3727, 229, 'AM', 'Amazonas'),
(3728, 229, 'AN', 'Anzoategui'),
(3729, 229, 'AP', 'Apure'),
(3730, 229, 'AR', 'Aragua'),
(3731, 229, 'BA', 'Barinas'),
(3732, 229, 'BO', 'Bolivar'),
(3733, 229, 'CA', 'Carabobo'),
(3734, 229, 'CO', 'Cojedes'),
(3735, 229, 'DA', 'Delta Amacuro'),
(3736, 229, 'DF', 'Dependencias Federales'),
(3737, 229, 'DI', 'Distrito Federal'),
(3738, 229, 'FA', 'Falcon'),
(3739, 229, 'GU', 'Guarico'),
(3740, 229, 'LA', 'Lara'),
(3741, 229, 'ME', 'Merida'),
(3742, 229, 'MI', 'Miranda'),
(3743, 229, 'MO', 'Monagas'),
(3744, 229, 'NE', 'Nueva Esparta'),
(3745, 229, 'PO', 'Portuguesa'),
(3746, 229, 'SU', 'Sucre'),
(3747, 229, 'TA', 'Tachira'),
(3748, 229, 'TR', 'Trujillo'),
(3749, 229, 'VA', 'Vargas'),
(3750, 229, 'YA', 'Yaracuy'),
(3751, 229, 'ZU', 'Zulia'),
(3752, 230, 'AG', 'An Giang'),
(3753, 230, 'BG', 'Bac Giang'),
(3754, 230, 'BK', 'Bac Kan'),
(3755, 230, 'BL', 'Bac Lieu'),
(3756, 230, 'BC', 'Bac Ninh'),
(3757, 230, 'BR', 'Ba Ria-Vung Tau'),
(3758, 230, 'BN', 'Ben Tre'),
(3759, 230, 'BH', 'Binh Dinh'),
(3760, 230, 'BU', 'Binh Duong'),
(3761, 230, 'BP', 'Binh Phuoc'),
(3762, 230, 'BT', 'Binh Thuan'),
(3763, 230, 'CM', 'Ca Mau'),
(3764, 230, 'CT', 'Can Tho'),
(3765, 230, 'CB', 'Cao Bang'),
(3766, 230, 'DL', 'Dak Lak'),
(3767, 230, 'DG', 'Dak Nong'),
(3768, 230, 'DN', 'Da Nang'),
(3769, 230, 'DB', 'Dien Bien'),
(3770, 230, 'DI', 'Dong Nai'),
(3771, 230, 'DT', 'Dong Thap'),
(3772, 230, 'GL', 'Gia Lai'),
(3773, 230, 'HG', 'Ha Giang'),
(3774, 230, 'HD', 'Hai Duong'),
(3775, 230, 'HP', 'Hai Phong'),
(3776, 230, 'HM', 'Ha Nam'),
(3777, 230, 'HI', 'Ha Noi'),
(3778, 230, 'HT', 'Ha Tay'),
(3779, 230, 'HH', 'Ha Tinh'),
(3780, 230, 'HB', 'Hoa Binh'),
(3781, 230, 'HC', 'Ho Chin Minh'),
(3782, 230, 'HU', 'Hau Giang'),
(3783, 230, 'HY', 'Hung Yen'),
(3784, 232, 'C', 'Saint Croix'),
(3785, 232, 'J', 'Saint John'),
(3786, 232, 'T', 'Saint Thomas'),
(3787, 233, 'A', 'Alo'),
(3788, 233, 'S', 'Sigave'),
(3789, 233, 'W', 'Wallis'),
(3790, 235, 'AB', 'Abyan'),
(3791, 235, 'AD', 'Adan'),
(3792, 235, 'AM', 'Amran'),
(3793, 235, 'BA', 'Al Bayda'),
(3794, 235, 'DA', 'Ad Dali'),
(3795, 235, 'DH', 'Dhamar'),
(3796, 235, 'HD', 'Hadramawt'),
(3797, 235, 'HJ', 'Hajjah'),
(3798, 235, 'HU', 'Al Hudaydah'),
(3799, 235, 'IB', 'Ibb'),
(3800, 235, 'JA', 'Al Jawf'),
(3801, 235, 'LA', 'Lahij'),
(3802, 235, 'MA', 'Ma''rib'),
(3803, 235, 'MR', 'Al Mahrah'),
(3804, 235, 'MW', 'Al Mahwit'),
(3805, 235, 'SD', 'Sa''dah'),
(3806, 235, 'SN', 'San''a'),
(3807, 235, 'SH', 'Shabwah'),
(3808, 235, 'TA', 'Ta''izz'),
(3809, 236, 'KOS', 'Kosovo'),
(3810, 236, 'MON', 'Montenegro'),
(3811, 236, 'SER', 'Serbia'),
(3812, 236, 'VOJ', 'Vojvodina'),
(3813, 237, 'BC', 'Bas-Congo'),
(3814, 237, 'BN', 'Bandundu'),
(3815, 237, 'EQ', 'Equateur'),
(3816, 237, 'KA', 'Katanga'),
(3817, 237, 'KE', 'Kasai-Oriental'),
(3818, 237, 'KN', 'Kinshasa'),
(3819, 237, 'KW', 'Kasai-Occidental'),
(3820, 237, 'MA', 'Maniema'),
(3821, 237, 'NK', 'Nord-Kivu'),
(3822, 237, 'OR', 'Orientale'),
(3823, 237, 'SK', 'Sud-Kivu'),
(3824, 238, 'CE', 'Central'),
(3825, 238, 'CB', 'Copperbelt'),
(3826, 238, 'EA', 'Eastern'),
(3827, 238, 'LP', 'Luapula'),
(3828, 238, 'LK', 'Lusaka'),
(3829, 238, 'NO', 'Northern'),
(3830, 238, 'NW', 'North-Western'),
(3831, 238, 'SO', 'Southern'),
(3832, 238, 'WE', 'Western'),
(3833, 239, 'BU', 'Bulawayo'),
(3834, 239, 'HA', 'Harare'),
(3835, 239, 'ML', 'Manicaland'),
(3836, 239, 'MC', 'Mashonaland Central'),
(3837, 239, 'ME', 'Mashonaland East'),
(3838, 239, 'MW', 'Mashonaland West'),
(3839, 239, 'MV', 'Masvingo'),
(3840, 239, 'MN', 'Matabeleland North'),
(3841, 239, 'MS', 'Matabeleland South'),
(3842, 239, 'MD', 'Midlands');

# --------------------------------------------------------

# 
# Table structure for table 'zones_to_geo_zones'
# 

CREATE TABLE zones_to_geo_zones (
  association_id int(11) NOT NULL auto_increment,
  zone_country_id int(11) NOT NULL,
  zone_id int(11) default NULL,
  geo_zone_id int(11) default NULL,
  last_modified datetime default NULL,
  date_added datetime NOT NULL,
  PRIMARY KEY  (association_id)
) ENGINE=MyISAM  ;

# 
# Dumping data for table 'zones_to_geo_zones'
# 

INSERT INTO zones_to_geo_zones (association_id, zone_country_id, zone_id, geo_zone_id, last_modified, date_added) VALUES 
(1, 223, 62, 1, '2006-07-23 12:10:23', '2006-07-05 23:28:08');
